# Exported from text_bg1_puppet.mdl by laobamac MDL Parser
mtllib text_bg1.mtl
v 390.750000 -133.000000 0.000000
v 379.143494 -141.516998 0.000000
v 387.996094 -147.955994 0.000000
v 379.891663 -127.227661 0.000000
v 274.000000 -154.500000 0.000000
v 279.000000 -162.500000 0.000000
v 286.141052 -151.060883 0.000000
v 274.250000 -76.250000 0.000000
v 277.690857 -117.224167 0.000000
v 328.000000 113.265015 0.000000
v 336.293457 99.012848 0.000000
v 337.250000 119.000000 0.000000
v 326.130493 97.538513 0.000000
v 274.500000 2.000000 0.000000
v 277.959290 -39.288666 0.000000
v 320.619507 123.256500 0.000000
v 328.956543 133.252167 0.000000
v 274.750000 80.250000 0.000000
v 278.218689 41.882675 0.000000
v 281.310852 153.968842 0.000000
v 282.000000 162.500000 0.000000
v 275.000000 158.500000 0.000000
v 288.088623 154.302155 0.000000
v 278.866394 117.840332 0.000000
v 314.878418 152.968628 0.000000
v 304.968506 140.572510 0.000000
v 318.195984 140.442993 0.000000
v 303.656189 153.635284 0.000000
v 304.145691 126.199982 0.000000
v 321.000000 162.500000 0.000000
v 310.666687 160.833344 0.000000
v 329.000000 157.500000 0.000000
v 301.168030 60.824997 0.000000
v 292.805969 79.510010 0.000000
v 287.107971 61.491013 0.000000
v 309.488831 73.062851 0.000000
v 333.125000 138.250000 0.000000
v 317.809753 85.300690 0.000000
v 302.500000 97.455017 0.000000
v 316.416687 106.083344 0.000000
v 332.143005 79.649002 0.000000
v 341.375000 99.750000 0.000000
v 339.974548 67.552841 0.000000
v 345.500000 80.500000 0.000000
v 349.625000 61.250000 0.000000
v 317.283508 31.516495 0.000000
v 301.403625 29.668015 0.000000
v 313.934998 12.701981 0.000000
v 301.285828 45.246506 0.000000
v 343.500000 25.500000 0.000000
v 328.527344 39.308334 0.000000
v 327.927795 16.505493 0.000000
v 340.682861 42.802841 0.000000
v 353.750000 42.000000 0.000000
v 342.724548 54.719498 0.000000
v 354.458313 17.250000 0.000000
v 342.833313 7.166672 0.000000
v 351.708313 30.083328 0.000000
v 355.812500 32.375000 0.000000
v 362.000000 3.500000 0.000000
v 342.166687 -11.000000 0.000000
v 359.937500 13.125000 0.000000
v 357.875000 22.750000 0.000000
v 341.500000 -29.000000 0.000000
v 330.541687 -20.958328 0.000000
v 333.291687 -33.541672 0.000000
v 362.125000 13.187500 0.000000
v 368.983826 14.879333 0.000000
v 331.250000 -45.250000 0.000000
v 329.187500 -35.812500 0.000000
v 344.169189 -45.867668 0.000000
v 408.500000 -2.500000 0.000000
v 408.750000 76.000000 0.000000
v 405.188660 38.659348 0.000000
v 372.517334 25.979324 0.000000
v 365.783508 33.974991 0.000000
v 362.250000 22.875000 0.000000
v 372.600525 36.800003 0.000000
v 398.315979 42.477997 0.000000
v 393.083313 25.666672 0.000000
v 384.539307 32.513672 0.000000
v 362.375000 32.562500 0.000000
v 362.500000 42.250000 0.000000
v 369.345032 47.244995 0.000000
v 362.625000 51.937500 0.000000
v 366.061523 55.520004 0.000000
v 362.750000 61.625000 0.000000
v 366.228210 68.436661 0.000000
v 362.875000 71.312500 0.000000
v 372.934509 62.684998 0.000000
v 383.368469 96.207001 0.000000
v 390.077454 83.919678 0.000000
v 398.648987 94.537018 0.000000
v 373.101013 79.963989 0.000000
v 373.267517 97.243011 0.000000
v 363.000000 81.000000 0.000000
v 363.250000 100.375000 0.000000
v 366.644714 105.090668 0.000000
v 363.500000 119.750000 0.000000
v 373.434021 114.522003 0.000000
v 386.988220 124.782990 0.000000
v 370.234070 124.892975 0.000000
v 385.178284 110.494995 0.000000
v 369.589355 153.802338 0.000000
v 371.000000 162.500000 0.000000
v 364.000000 158.500000 0.000000
v 375.367126 153.802338 0.000000
v 363.750000 139.125000 0.000000
v 381.333313 158.500000 0.000000
v 381.299805 145.992676 0.000000
v 388.377136 152.357025 0.000000
v 373.768005 140.407013 0.000000
v 367.089355 139.552338 0.000000
v 405.000000 161.500000 0.000000
v 395.000000 159.500000 0.000000
v 409.000000 154.500000 0.000000
v 397.599365 151.023682 0.000000
v 382.701477 18.263000 0.000000
v 405.494141 117.085327 0.000000
v 375.763977 1.723999 0.000000
v 387.841492 5.977005 0.000000
v 398.232483 16.259003 0.000000
v 396.440979 -0.944000 0.000000
v 390.785950 -80.777992 0.000000
v 374.621826 -74.895668 0.000000
v 381.388000 -98.649002 0.000000
v 382.720032 -62.684998 0.000000
v 408.250000 -81.000000 0.000000
v 404.929382 -42.771332 0.000000
v 366.360046 -141.516998 0.000000
v 363.936523 -124.533997 0.000000
v 355.895508 -134.594666 0.000000
v 408.000000 -159.500000 0.000000
v 404.281677 -118.710663 0.000000
v 356.000000 -158.500000 0.000000
v 366.381165 -154.505661 0.000000
v 351.875000 -139.625000 0.000000
v 364.000000 -163.500000 0.000000
v 401.000000 -163.500000 0.000000
v 401.837158 -154.950333 0.000000
v 388.333313 -160.500000 0.000000
v 314.000000 -163.500000 0.000000
v 322.000000 -155.500000 0.000000
v 312.262756 -150.727783 0.000000
v 311.622009 -114.134003 0.000000
v 297.289246 -124.524170 0.000000
v 306.166687 -130.500000 0.000000
v 299.155334 -110.532333 0.000000
v 347.750000 -120.750000 0.000000
v 356.704041 -114.867004 0.000000
v 343.625000 -101.875000 0.000000
v 348.558533 -101.022331 0.000000
v 293.903809 -84.493500 0.000000
v 311.806946 -80.649010 0.000000
v 302.901611 -74.200005 0.000000
v 301.021484 -96.540504 0.000000
v 358.425537 -99.317001 0.000000
v 352.561035 -81.889992 0.000000
v 366.523682 -87.106331 0.000000
v 339.500000 -83.000000 0.000000
v 396.335999 -62.833000 0.000000
v 335.375000 -64.125000 0.000000
v 344.877502 -70.159332 0.000000
v 398.038025 -44.814003 0.000000
v 382.676819 -47.320335 0.000000
v 382.633728 -31.955673 0.000000
v 342.127502 -57.575996 0.000000
v 327.125000 -26.375000 0.000000
v 370.621033 -15.850998 0.000000
v 367.272522 -34.462006 0.000000
v 356.924133 -19.987335 0.000000
v 301.410461 -20.653503 0.000000
v 308.643982 -4.688004 0.000000
v 296.047791 -8.014832 0.000000
v 315.761780 -18.051163 0.000000
v 323.000000 -7.500000 0.000000
v 325.062500 -16.937500 0.000000
v 322.937500 -16.750000 0.000000
v 285.211487 -17.480499 0.000000
v 287.077637 -0.463669 0.000000
v 322.875000 -26.000000 0.000000
v 312.117249 -28.614670 0.000000
v 319.230469 -36.563492 0.000000
v 322.812500 -35.250000 0.000000
v 322.750000 -44.500000 0.000000
v 312.066467 -39.190506 0.000000
v 319.091492 -57.135498 0.000000
v 315.571960 -49.198997 0.000000
v 306.583313 -55.083336 0.000000
v 322.687500 -53.750000 0.000000
v 322.625000 -63.000000 0.000000
v 319.008118 -69.468834 0.000000
v 322.562500 -72.250000 0.000000
v 284.979980 -77.730003 0.000000
v 295.783997 -62.153000 0.000000
v 322.500000 -81.500000 0.000000
v 284.906006 -94.787003 0.000000
v 322.375000 -100.000000 0.000000
v 311.714539 -97.391502 0.000000
v 290.250000 -104.083336 0.000000
v 322.250000 -118.500000 0.000000
v 318.790710 -104.711334 0.000000
v 295.423035 -138.515991 0.000000
v 284.748535 -137.979492 0.000000
v 322.125000 -137.000000 0.000000
v 315.109070 -123.828003 0.000000
v 295.918762 -152.171997 0.000000
v 303.403809 -145.066437 0.000000
v 318.568359 -137.616669 0.000000
v 303.333313 -157.833328 0.000000
v 289.000000 -160.166672 0.000000
v 395.281555 -155.283661 0.000000
v 380.639832 -112.938339 0.000000
v 367.916687 -107.500000 0.000000
v 395.410950 -98.427002 0.000000
v 396.594971 -115.632004 0.000000
v 400.368835 -138.994339 0.000000
v 396.511475 -141.850998 0.000000
v 377.158936 -155.172333 0.000000
v 281.326172 -97.319832 0.000000
v 284.822510 -120.922501 0.000000
v 311.455017 -138.850006 0.000000
v 285.406006 43.398010 0.000000
v 290.750000 24.916672 0.000000
v 314.416687 51.083328 0.000000
v 324.798523 60.908493 0.000000
v 301.521484 14.089508 0.000000
v 287.114685 11.117325 0.000000
v 285.322510 17.262497 0.000000
v 281.742859 20.886841 0.000000
v 290.583313 -27.250000 0.000000
v 299.534973 -34.486679 0.000000
v 281.613098 -19.698837 0.000000
v 297.659485 -48.319832 0.000000
v 285.127991 -43.615997 0.000000
v 285.053955 -60.672997 0.000000
v 288.033020 97.492004 0.000000
v 303.322815 111.827484 0.000000
v 292.916687 132.083344 0.000000
v 286.848999 114.770996 0.000000
v 282.927185 138.059174 0.000000
v 286.932495 140.906494 0.000000
v 295.333313 159.500000 0.000000
v 295.744812 146.993011 0.000000
v 378.666687 131.333344 0.000000
v 393.583313 103.833344 0.000000
v 388.798035 139.071014 0.000000
v 398.843506 138.109009 0.000000
v 311.899475 -63.906502 0.000000
v 381.506042 73.302322 0.000000
v 388.215027 61.014999 0.000000
v 377.916687 53.500000 0.000000
v 386.377197 46.764328 0.000000
v 398.538025 77.184006 0.000000
v 398.427002 59.831009 0.000000
v 382.590515 -16.591003 0.000000
v 396.404053 -12.561996 0.000000
v 392.916687 -26.666672 0.000000
v 401.553223 -21.969666 0.000000
v 398.121521 -18.595001 0.000000
v 356.176697 -42.271667 0.000000
v 369.916687 -53.500000 0.000000
v 359.757507 -63.352997 0.000000
v 401.682800 18.745667 0.000000
v 398.732483 120.756012 0.000000
v 402.043762 97.097656 0.000000
v 145.085510 -134.802002 0.000000
v 133.000000 -139.500000 0.000000
v 147.042786 -145.373230 0.000000
v 136.376099 -132.928772 0.000000
v 153.000000 -159.500000 0.000000
v 161.000000 -163.500000 0.000000
v 160.111084 -156.611115 0.000000
v 155.128296 -137.119675 0.000000
v 158.153870 -147.817673 0.000000
v 178.948792 -119.881775 0.000000
v 180.000000 -112.500000 0.000000
v 179.384888 -112.359009 0.000000
v 185.000000 -117.500000 0.000000
v 129.000000 -131.500000 0.000000
v 129.000000 -43.833328 0.000000
v 132.728516 -84.613792 0.000000
v 241.333313 127.833344 0.000000
v 243.333313 135.166656 0.000000
v 233.666687 137.166656 0.000000
v 252.111084 132.944458 0.000000
v 129.000000 43.833344 0.000000
v 132.353699 -4.198227 0.000000
v 156.333313 138.166656 0.000000
v 163.585144 150.540192 0.000000
v 148.444397 146.388885 0.000000
v 169.362854 140.317993 0.000000
v 129.000000 131.500000 0.000000
v 132.433716 82.818283 0.000000
v 136.444397 133.055542 0.000000
v 133.000000 139.500000 0.000000
v 145.555481 135.277740 0.000000
v 241.888916 145.388885 0.000000
v 231.333313 147.277740 0.000000
v 156.000000 161.500000 0.000000
v 224.555603 137.611084 0.000000
v 229.000000 162.500000 0.000000
v 195.934631 158.762665 0.000000
v 237.000000 158.500000 0.000000
v 229.777771 155.722198 0.000000
v 234.960510 106.295563 0.000000
v 226.675171 115.762878 0.000000
v 228.387817 103.816315 0.000000
v 239.275696 114.301270 0.000000
v 255.000000 140.500000 0.000000
v 149.142395 37.090195 0.000000
v 159.213684 27.796799 0.000000
v 159.213684 39.640457 0.000000
v 142.424927 29.438721 0.000000
v 260.000000 130.500000 0.000000
v 150.824402 16.535400 0.000000
v 139.061157 16.686005 0.000000
v 260.000000 43.833328 0.000000
v 256.606201 91.213623 0.000000
v 148.562439 -46.387917 0.000000
v 158.905701 -61.159904 0.000000
v 167.544434 -44.227104 0.000000
v 142.697083 -61.167084 0.000000
v 260.000000 -42.833344 0.000000
v 256.726501 -4.280884 0.000000
v 178.325134 -144.244217 0.000000
v 170.991760 -154.466446 0.000000
v 185.642029 -153.065994 0.000000
v 166.333313 -146.833328 0.000000
v 260.000000 -129.500000 0.000000
v 256.638977 -90.585670 0.000000
v 173.931641 -136.484329 0.000000
v 183.000000 -132.833328 0.000000
v 172.461609 -129.786331 0.000000
v 255.000000 -139.500000 0.000000
v 252.111084 -131.944443 0.000000
v 250.416687 -118.585678 0.000000
v 241.333313 -126.833328 0.000000
v 230.000000 -162.500000 0.000000
v 238.777771 -146.611115 0.000000
v 192.214050 -159.688660 0.000000
v 147.128296 -127.786331 0.000000
v 158.239441 -131.564117 0.000000
v 227.230225 -114.272232 0.000000
v 216.306946 -109.196320 0.000000
v 216.743408 -118.757416 0.000000
v 223.003723 -106.696815 0.000000
v 175.734253 -84.047478 0.000000
v 157.644592 -87.983704 0.000000
v 170.711060 -99.267365 0.000000
v 158.275146 -74.571808 0.000000
v 164.641052 -137.913116 0.000000
v 138.771240 -122.358337 0.000000
v 136.457031 -105.932243 0.000000
v 158.867981 -119.656097 0.000000
v 148.109314 -112.323547 0.000000
v 145.794983 -95.897438 0.000000
v 157.014038 -101.395607 0.000000
v 140.185486 -107.788696 0.000000
v 140.185486 -78.508026 0.000000
v 169.620178 -114.513657 0.000000
v 180.153870 -126.706558 0.000000
v 189.223328 -129.345108 0.000000
v 164.369446 58.061035 0.000000
v 169.765381 70.871902 0.000000
v 159.574036 64.112259 0.000000
v 174.320618 60.408386 0.000000
v 250.383972 119.213654 0.000000
v 144.467224 87.809479 0.000000
v 151.855896 100.446259 0.000000
v 139.301147 102.402100 0.000000
v 154.799316 87.904877 0.000000
v 216.666687 129.500000 0.000000
v 225.669495 127.476501 0.000000
v 215.222229 136.055542 0.000000
v 233.891724 126.920959 0.000000
v 226.954590 8.820816 0.000000
v 238.426697 13.492569 0.000000
v 229.696228 24.546371 0.000000
v 235.404358 0.827332 0.000000
v 135.707458 15.974899 0.000000
v 144.106873 3.071579 0.000000
v 156.586975 -21.072556 0.000000
v 141.947510 -30.199509 0.000000
v 157.781433 -34.170532 0.000000
v 139.061157 -12.594666 0.000000
v 155.392639 -7.974594 0.000000
v 154.198242 5.123383 0.000000
v 249.818604 70.360916 0.000000
v 246.324402 54.643723 0.000000
v 253.212402 71.167282 0.000000
v 237.824646 67.140991 0.000000
v 147.333313 128.166656 0.000000
v 159.000000 132.388885 0.000000
v 160.711243 123.343903 0.000000
v 187.773987 137.257996 0.000000
v 199.146912 129.085999 0.000000
v 198.748230 140.682007 0.000000
v 191.924622 124.085999 0.000000
v 173.333313 130.833344 0.000000
v 161.467224 111.031708 0.000000
v 149.367188 113.866821 0.000000
v 135.867432 102.341187 0.000000
v 138.544861 120.689575 0.000000
v 149.142395 44.378769 0.000000
v 139.301147 73.121445 0.000000
v 151.224854 75.046188 0.000000
v 142.504944 55.539078 0.000000
v 215.566895 110.850494 0.000000
v 211.025513 104.288635 0.000000
v 222.029480 107.955963 0.000000
v 209.000000 112.500000 0.000000
v 224.058655 34.333435 0.000000
v 213.731689 52.688690 0.000000
v 213.325378 28.717041 0.000000
v 218.872620 51.704758 0.000000
v 179.075378 155.247314 0.000000
v 178.421997 151.953979 0.000000
v 179.843079 140.015106 0.000000
v 181.702454 128.530426 0.000000
v 189.666687 147.166656 0.000000
v 210.601318 143.651520 0.000000
v 205.666687 132.500000 0.000000
v 202.804016 152.287994 0.000000
v 218.379089 153.651520 0.000000
v 217.447266 119.254303 0.000000
v 223.333313 146.166656 0.000000
v 244.712646 83.664551 0.000000
v 249.818604 99.307587 0.000000
v 237.569031 94.816376 0.000000
v 225.675476 87.267273 0.000000
v 217.850403 94.921783 0.000000
v 239.616943 39.372192 0.000000
v 229.154480 49.736893 0.000000
v 234.500671 81.325150 0.000000
v 208.777832 126.500000 0.000000
v 246.625244 27.827927 0.000000
v 162.577515 14.044968 0.000000
v 238.426697 -14.905090 0.000000
v 221.903992 -8.072403 0.000000
v 226.548340 -19.001968 0.000000
v 225.931030 69.240799 0.000000
v 214.137939 76.660339 0.000000
v 246.406311 -57.423058 0.000000
v 229.302002 -58.958794 0.000000
v 237.988525 -70.852074 0.000000
v 239.666077 -44.497375 0.000000
v 177.307373 -54.283669 0.000000
v 185.946106 -37.350876 0.000000
v 172.918518 -16.452484 0.000000
v 172.215332 -29.324631 0.000000
v 167.145752 -0.704788 0.000000
v 245.254395 0.696243 0.000000
v 250.179443 15.104034 0.000000
v 250.179443 -13.842636 0.000000
v 246.625244 -29.458633 0.000000
v 253.452942 15.031570 0.000000
v 219.594971 18.117386 0.000000
v 215.763184 1.088745 0.000000
v 214.544312 -26.133270 0.000000
v 235.412537 -105.899139 0.000000
v 239.493469 -113.509750 0.000000
v 229.090393 -104.001488 0.000000
v 189.437317 -141.200439 0.000000
v 249.916870 -70.477020 0.000000
v 249.916870 -99.423683 0.000000
v 244.860168 -84.340363 0.000000
v 253.277893 -70.911346 0.000000
v 237.917969 -95.515190 0.000000
v 234.746765 -83.120384 0.000000
v 218.787170 -95.501976 0.000000
v 226.139221 -89.269867 0.000000
v 223.340393 -151.021774 0.000000
v 231.333313 -137.833328 0.000000
v 199.669983 -137.701996 0.000000
v 242.555481 -134.722214 0.000000
v 198.000000 -147.833344 0.000000
v 208.110046 -156.099335 0.000000
v 208.687988 -152.731995 0.000000
v 207.452637 -140.311340 0.000000
v 214.000000 -130.500000 0.000000
v 218.007080 -140.355103 0.000000
v 205.556641 -128.567337 0.000000
v 233.298889 -126.312973 0.000000
v 224.187805 -127.535187 0.000000
v 173.903381 -69.849205 0.000000
v 187.070374 -64.340233 0.000000
v 214.580505 -80.687737 0.000000
v 226.209778 -74.255638 0.000000
v 208.666687 -119.833328 0.000000
v 163.889404 95.677216 0.000000
v 171.600159 118.455017 0.000000
v 152.696289 62.298721 0.000000
v 159.213684 49.662476 0.000000
v 169.284973 22.451279 0.000000
v 229.696228 -31.699966 0.000000
v 219.188660 -37.062851 0.000000
v 224.107849 -48.004677 0.000000
v 213.325378 -53.355286 0.000000
v 213.934814 -39.744278 0.000000
v 164.249329 32.593185 0.000000
v 164.249329 44.682877 0.000000
v 169.284973 38.242813 0.000000
v 174.320618 44.745728 0.000000
v 163.258301 80.037415 0.000000
v 203.000000 -117.500000 0.000000
v 195.889954 -124.233994 0.000000
v 209.000000 -111.500000 0.000000
v 212.690613 -101.816711 0.000000
v 209.888916 119.833344 0.000000
v 204.000000 117.500000 0.000000
v 184.000000 117.500000 0.000000
v 174.320618 9.214722 0.000000
v 174.320618 30.342285 0.000000
v 169.284973 51.605530 0.000000
v 213.952942 -67.021515 0.000000
v 219.069336 -64.333946 0.000000
v 175.401611 88.095093 0.000000
v 172.289612 104.208954 0.000000
v 180.000000 113.500000 0.000000
v 71.000000 -163.500000 0.000000
v 106.000000 -163.500000 0.000000
v 97.000000 -160.833328 0.000000
v 74.377502 -120.867996 0.000000
v 89.489014 -109.420334 0.000000
v 80.083344 -103.500000 0.000000
v 87.566498 -123.857666 0.000000
v 63.000000 -155.500000 0.000000
v 77.103546 -150.653885 0.000000
v 63.250000 -77.000000 0.000000
v 66.875824 -117.789337 0.000000
v 102.825989 77.591995 0.000000
v 102.844482 94.871002 0.000000
v 93.512970 83.883011 0.000000
v 114.000000 77.000000 0.000000
v 63.500000 1.500000 0.000000
v 67.107330 -39.363327 0.000000
v 102.789001 43.033997 0.000000
v 87.825836 32.179672 0.000000
v 97.166687 26.000000 0.000000
v 89.729645 46.542313 0.000000
v 63.750000 80.000000 0.000000
v 67.338837 39.062668 0.000000
v 80.583344 131.000000 0.000000
v 91.744507 138.848999 0.000000
v 75.044495 140.184998 0.000000
v 89.850006 124.523682 0.000000
v 64.000000 158.500000 0.000000
v 67.570312 117.488678 0.000000
v 101.359253 150.949677 0.000000
v 110.000000 161.500000 0.000000
v 98.333313 159.500000 0.000000
v 114.000000 154.500000 0.000000
v 71.000000 162.500000 0.000000
v 70.014801 153.728333 0.000000
v 71.335175 137.550323 0.000000
v 85.922028 17.817001 0.000000
v 93.411163 5.975662 0.000000
v 102.789001 17.149002 0.000000
v 74.692505 0.981995 0.000000
v 110.281494 117.418671 0.000000
v 89.609283 -31.439011 0.000000
v 102.733459 -34.688004 0.000000
v 102.751953 -17.408997 0.000000
v 87.696136 -45.839012 0.000000
v 114.000000 -0.500000 0.000000
v 110.263000 39.844666 0.000000
v 74.498016 -77.295998 0.000000
v 74.460999 -94.649002 0.000000
v 83.885162 -83.290337 0.000000
v 114.000000 -78.000000 0.000000
v 110.244446 -37.729324 0.000000
v 110.226013 -115.303329 0.000000
v 97.000000 -129.666672 0.000000
v 106.451965 -135.401672 0.000000
v 102.677979 -112.410004 0.000000
v 114.000000 -155.500000 0.000000
v 82.666656 -158.166672 0.000000
v 104.559326 -151.542770 0.000000
v 91.411499 -94.983002 0.000000
v 95.107361 -145.807770 0.000000
v 102.677979 -138.294998 0.000000
v 102.696472 -95.131004 0.000000
v 85.644012 -138.294998 0.000000
v 74.340485 -138.220993 0.000000
v 88.436890 -152.431671 0.000000
v 70.696167 -97.505669 0.000000
v 93.309326 -71.931664 0.000000
v 85.782990 -60.238998 0.000000
v 102.715027 -77.851997 0.000000
v 86.061005 95.873016 0.000000
v 74.886993 79.260010 0.000000
v 74.923981 96.613007 0.000000
v 84.181488 72.895004 0.000000
v 91.633484 60.904999 0.000000
v 81.459259 154.061676 0.000000
v 97.250000 103.833344 0.000000
v 106.562988 97.542328 0.000000
v 102.844482 120.756012 0.000000
v 87.955475 110.198334 0.000000
v 102.862976 138.035004 0.000000
v 102.807556 60.312988 0.000000
v 74.850006 61.906998 0.000000
v 80.416656 52.833328 0.000000
v 71.122162 59.198318 0.000000
v 74.766479 35.687988 0.000000
v 74.729492 18.335007 0.000000
v 74.655487 -16.371002 0.000000
v 84.033325 -5.197662 0.000000
v 70.909180 -19.153671 0.000000
v 80.250000 -25.333328 0.000000
v 74.571991 -42.589996 0.000000
v 97.083313 -51.833336 0.000000
v 102.733459 -60.572998 0.000000
v 91.522491 -17.039001 0.000000
v 74.535004 -59.942993 0.000000
v 102.770508 -0.130005 0.000000
v 106.526062 19.894333 0.000000
v 88.374115 146.178009 0.000000
v 74.960999 113.966003 0.000000
v 106.488953 -57.753662 0.000000
v -75.000000 -68.500000 0.000000
v -66.034821 -66.173035 0.000000
v -67.000000 -60.500000 0.000000
v -65.147919 -77.061768 0.000000
v -50.000000 -159.500000 0.000000
v -42.000000 -163.500000 0.000000
v -43.997650 -156.289886 0.000000
v -27.000000 -61.500000 0.000000
v -30.847443 -66.179405 0.000000
v -25.437866 -69.852440 0.000000
v -37.000000 -61.250000 0.000000
v -74.000000 -133.500000 0.000000
v -58.219849 -142.956558 0.000000
v -71.113068 -98.388733 0.000000
v -23.000000 -113.500000 0.000000
v -27.978638 -114.609009 0.000000
v -23.326202 -115.203003 0.000000
v -27.562378 -105.846085 0.000000
v -23.000000 -68.500000 0.000000
v -47.000000 -61.000000 0.000000
v -56.701508 -63.673035 0.000000
v -47.736328 -65.901619 0.000000
v -40.104523 -67.185768 0.000000
v -46.435455 -74.753441 0.000000
v -38.034821 -63.228584 0.000000
v -48.634125 -108.566612 0.000000
v -42.984406 -125.435318 0.000000
v -35.424103 -118.348434 0.000000
v -54.432983 -119.770828 0.000000
v -46.884155 -147.079773 0.000000
v 36.395416 -59.792419 0.000000
v 49.500000 -67.500000 0.000000
v 39.542206 -46.134659 0.000000
v 36.516937 -73.645836 0.000000
v -30.206055 -152.803802 0.000000
v -39.992889 -145.869675 0.000000
v -19.000000 -117.500000 0.000000
v -21.958527 -134.041748 0.000000
v -30.536987 -137.260361 0.000000
v -23.525543 -142.984390 0.000000
v -29.659546 -131.869675 0.000000
v 46.000000 -139.500000 0.000000
v 34.598846 -135.372055 0.000000
v 30.354980 -146.824921 0.000000
v 43.243866 -133.047134 0.000000
v -1.000000 -112.500000 0.000000
v -6.000000 -117.500000 0.000000
v -3.958527 -117.041748 0.000000
v 31.377594 -116.781021 0.000000
v 20.327393 -113.130753 0.000000
v 26.041290 -126.582306 0.000000
v 28.569336 -106.301292 0.000000
v 28.827362 70.321793 0.000000
v 20.006500 65.333908 0.000000
v 22.047913 60.972412 0.000000
v 15.923676 74.056839 0.000000
v -6.000000 -20.500000 0.000000
v -1.000000 -25.500000 0.000000
v -0.725433 -17.218506 0.000000
v -69.000000 140.500000 0.000000
v -57.222198 135.611115 0.000000
v -55.888885 145.500000 0.000000
v -65.666656 133.944458 0.000000
v -25.500000 -20.000000 0.000000
v -24.555542 -15.055557 0.000000
v -45.000000 -19.500000 0.000000
v -38.111084 -6.166672 0.000000
v -54.555542 -1.944443 0.000000
v -46.666656 6.166672 0.000000
v -72.000000 7.500000 0.000000
v -72.500000 70.000000 0.000000
v -68.633331 41.618668 0.000000
v -73.000000 132.500000 0.000000
v -69.381317 104.367462 0.000000
v 2.000000 61.500000 0.000000
v 3.990662 71.140045 0.000000
v -3.000000 69.500000 0.000000
v 4.095825 61.444839 0.000000
v 44.719971 104.042358 0.000000
v 38.159851 111.127106 0.000000
v 33.225006 100.408569 0.000000
v 38.608795 124.153473 0.000000
v -51.000000 158.500000 0.000000
v 3.675110 100.225708 0.000000
v 14.418488 105.327271 0.000000
v 5.633392 109.711426 0.000000
v 10.305328 93.802826 0.000000
v -43.000000 162.500000 0.000000
v -43.777802 155.833344 0.000000
v 8.003418 68.880569 0.000000
v 18.000000 162.500000 0.000000
v -15.562653 159.243988 0.000000
v 26.000000 158.500000 0.000000
v 18.666656 155.833344 0.000000
v 16.225006 115.408569 0.000000
v 25.913422 108.961060 0.000000
v 28.017181 118.456329 0.000000
v 44.000000 140.500000 0.000000
v 30.777802 145.500000 0.000000
v 48.000000 132.500000 0.000000
v 40.555542 133.944458 0.000000
v 4.984375 -20.457611 0.000000
v 4.904083 -13.056564 0.000000
v 9.821442 -13.639389 0.000000
v 48.000000 68.500000 0.000000
v 35.500000 10.000000 0.000000
v 22.000000 23.500000 0.000000
v 32.091522 8.260498 0.000000
v -1.317780 7.619690 0.000000
v 4.743500 1.745514 0.000000
v 4.663208 9.146561 0.000000
v 1.142731 0.979736 0.000000
v 40.000000 60.500000 0.000000
v 39.519440 68.469528 0.000000
v 22.333344 137.500000 0.000000
v 20.111115 147.500000 0.000000
v 32.000000 135.611115 0.000000
v 14.519440 127.691742 0.000000
v 22.741669 127.247314 0.000000
v 13.111115 138.055542 0.000000
v -22.666656 -5.166672 0.000000
v -40.783691 65.620728 0.000000
v -49.206940 56.109940 0.000000
v -34.843933 53.890411 0.000000
v -51.376953 67.083405 0.000000
v -36.130219 75.888367 0.000000
v -49.994720 77.566406 0.000000
v -48.612457 88.049408 0.000000
v -23.000000 30.500000 0.000000
v -24.658051 66.426270 0.000000
v -11.000000 147.833344 0.000000
v -1.667328 155.988007 0.000000
v -1.313995 152.731995 0.000000
v -2.104004 140.311554 0.000000
v 5.228668 143.132904 0.000000
v -26.851135 96.362183 0.000000
v -23.000000 113.500000 0.000000
v -30.267181 107.994293 0.000000
v 9.562012 153.910675 0.000000
v -23.000000 133.166656 0.000000
v -16.999359 129.900879 0.000000
v -18.228668 141.311554 0.000000
v -23.888885 127.277740 0.000000
v -8.000000 118.500000 0.000000
v -3.000000 113.500000 0.000000
v -2.000000 120.722198 0.000000
v -11.999359 125.011993 0.000000
v -9.997986 138.036011 0.000000
v -4.332672 128.900879 0.000000
v -18.000000 118.500000 0.000000
v -52.864746 117.852173 0.000000
v -40.950348 114.120728 0.000000
v -47.872314 126.818024 0.000000
v -50.274811 107.751831 0.000000
v -47.666656 137.500000 0.000000
v -39.761230 127.262451 0.000000
v -38.555542 138.055542 0.000000
v -23.888885 120.722198 0.000000
v -62.117950 75.603592 0.000000
v -61.759003 61.479813 0.000000
v -36.737183 90.260956 0.000000
v -64.877686 27.112350 0.000000
v -55.833344 36.000000 0.000000
v -61.233002 26.481003 0.000000
v -32.066803 25.498779 0.000000
v -22.777802 22.277771 0.000000
v -34.236969 39.517807 0.000000
v -17.000000 24.500000 0.000000
v -11.575104 -8.739502 0.000000
v -4.261383 -12.756775 0.000000
v 4.502625 23.948639 0.000000
v -5.018402 20.904343 0.000000
v 4.582916 16.547607 0.000000
v -2.557861 14.264359 0.000000
v 12.314941 20.459885 0.000000
v 13.459961 9.286362 0.000000
v 25.274567 4.781494 0.000000
v 19.238892 14.070847 0.000000
v 11.587189 2.757507 0.000000
v 16.456055 -23.543015 0.000000
v 5.064667 -27.858643 0.000000
v 11.618988 -30.361221 0.000000
v 49.000000 -3.500000 0.000000
v 31.310272 -4.507858 0.000000
v 5.144958 -35.259689 0.000000
v 16.672211 -45.456215 0.000000
v 5.305542 -50.061768 0.000000
v 46.014069 -39.044876 0.000000
v 7.106445 -132.349838 0.000000
v 10.876221 -119.634949 0.000000
v 4.153656 -121.016281 0.000000
v 17.166260 -127.985123 0.000000
v 50.000000 -131.500000 0.000000
v 46.524567 -102.690300 0.000000
v 5.342987 -108.685196 0.000000
v 5.194885 -113.424263 0.000000
v 3.327393 -106.797424 0.000000
v 6.493744 -147.963867 0.000000
v -2.131470 -134.172272 0.000000
v 17.390472 -144.441528 0.000000
v 21.000000 -162.500000 0.000000
v -9.875092 -158.347244 0.000000
v -26.313599 -79.557312 0.000000
v -54.513702 -83.413582 0.000000
v -56.104523 -69.519104 0.000000
v -30.618652 -72.198509 0.000000
v -40.104004 -137.869675 0.000000
v -50.659546 -135.869675 0.000000
v -16.972321 -123.416718 0.000000
v -9.958527 -118.708420 0.000000
v -23.539337 -127.803802 0.000000
v -36.505157 -78.099510 0.000000
v -25.764069 -102.555443 0.000000
v -34.725067 -109.673904 0.000000
v -62.888275 -128.081955 0.000000
v -58.992889 -105.536339 0.000000
v -67.448151 -113.847473 0.000000
v -64.005249 -114.876205 0.000000
v -52.023590 -96.429420 0.000000
v -64.339264 -93.166199 0.000000
v -43.097412 -87.555443 0.000000
v -34.447540 -103.831955 0.000000
v -27.354248 -101.464622 0.000000
v -8.625214 -149.041748 0.000000
v -4.875610 -121.125237 0.000000
v 0.796844 -123.583267 0.000000
v -12.264191 -124.625137 0.000000
v 24.064941 -138.474762 0.000000
v 0.159637 -117.274750 0.000000
v -11.819794 -134.736237 0.000000
v -0.226898 -115.683167 0.000000
v 33.731598 -128.141418 0.000000
v 41.268463 -122.904099 0.000000
v 1.590332 77.056839 0.000000
v 14.388184 85.079865 0.000000
v 7.933258 75.344055 0.000000
v 3.885468 80.835266 0.000000
v 10.442139 13.931030 0.000000
v 2.989594 -22.138412 0.000000
v -45.333344 147.500000 0.000000
v -31.538971 119.262451 0.000000
v -30.666656 130.166656 0.000000
v -30.333344 136.611084 0.000000
v -12.316650 8.515274 0.000000
v -6.058746 -0.551834 0.000000
v -32.555542 4.277771 0.000000
v -19.019562 2.038269 0.000000
v -28.333344 11.833328 0.000000
v -39.955658 17.387680 0.000000
v -59.966553 13.382568 0.000000
v -50.922241 22.270218 0.000000
v -61.399994 47.356003 0.000000
v -44.867004 34.162994 0.000000
v -47.036957 45.136475 0.000000
v -15.963745 16.865891 0.000000
v -57.450348 99.620728 0.000000
v -65.873627 90.109955 0.000000
v -62.476929 89.727417 0.000000
v -63.547974 123.978607 0.000000
v -62.643921 110.602417 0.000000
v -47.230225 98.532379 0.000000
v -38.343903 103.005096 0.000000
v 6.074982 119.691742 0.000000
v 23.355347 100.347504 0.000000
v -55.000000 128.833344 0.000000
v 23.279144 83.604309 0.000000
v 30.558350 76.408569 0.000000
v 38.906097 78.219894 0.000000
v 41.439911 89.792725 0.000000
v 29.666656 128.833344 0.000000
v 30.691162 88.835724 0.000000
v 38.159851 89.751099 0.000000
v -34.007111 153.910675 0.000000
v -37.333344 146.500000 0.000000
v -27.340454 144.132874 0.000000
v -21.687988 152.731995 0.000000
v 12.000000 146.500000 0.000000
v 19.656250 -14.805069 0.000000
v 27.919678 -24.976700 0.000000
v 36.010498 -14.354568 0.000000
v 16.584869 -5.226364 0.000000
v 4.823792 -5.655518 0.000000
v 5.000000 130.166656 0.000000
v -0.653442 -7.808609 0.000000
v 42.639130 -24.797775 0.000000
v 39.375183 -24.758652 0.000000
v 34.548340 -35.419907 0.000000
v 24.727600 -35.366394 0.000000
v 28.452545 -83.379890 0.000000
v 39.906799 -87.694901 0.000000
v 35.095795 -97.822670 0.000000
v 28.137939 -49.081207 0.000000
v 43.160187 -88.088600 0.000000
v 40.073792 -109.070900 0.000000
v 17.079376 -85.637604 0.000000
v 5.787292 -94.468018 0.000000
v 12.195068 -98.372124 0.000000
v 5.626709 -79.665939 0.000000
v 5.491089 -103.946136 0.000000
v 17.041748 -104.593033 0.000000
v 10.337799 -110.167053 0.000000
v 25.306763 -96.702217 0.000000
v -39.625885 -97.735077 0.000000
v -32.185699 -88.065308 0.000000
v 20.144073 -65.742577 0.000000
v 3.938049 75.987656 0.000000
v 10.251709 -55.288704 0.000000
v 5.466125 -64.863853 0.000000
v -27.146118 -97.083160 0.000000
v 10.465820 -75.024818 0.000000
v -166.000000 -162.500000 0.000000
v -128.000000 -163.500000 0.000000
v -139.333344 -158.166672 0.000000
v -153.333344 -121.666672 0.000000
v -153.333344 -138.666672 0.000000
v -143.111115 -139.388885 0.000000
v -164.444458 -133.055557 0.000000
v -170.000000 -155.500000 0.000000
v -152.888916 -153.111115 0.000000
v -170.000000 -105.000000 0.000000
v -152.289032 39.869492 0.000000
v -166.756012 48.164001 0.000000
v -164.105713 37.491699 0.000000
v -153.835327 55.554672 0.000000
v -170.000000 -54.500000 0.000000
v -164.444458 -82.388885 0.000000
v -173.238892 62.581497 0.000000
v -167.166672 77.611130 0.000000
v -184.986893 75.471268 0.000000
v -161.224213 66.258377 0.000000
v -162.416672 114.259277 0.000000
v -165.055557 97.462982 0.000000
v -154.500000 100.500000 0.000000
v -173.500000 114.277802 0.000000
v -186.000000 16.166672 0.000000
v -174.598679 -17.625549 0.000000
v -172.000000 162.500000 0.000000
v -176.919113 152.122223 0.000000
v -164.000000 155.500000 0.000000
v -182.333328 160.166656 0.000000
v -202.000000 86.833344 0.000000
v -191.264664 54.989792 0.000000
v -169.224670 141.399994 0.000000
v -159.250000 128.000000 0.000000
v -218.000000 157.500000 0.000000
v -205.705322 120.699585 0.000000
v -211.000000 162.500000 0.000000
v -203.708908 154.122681 0.000000
v -205.858688 138.877808 0.000000
v -156.875000 114.250000 0.000000
v -152.125000 86.750000 0.000000
v -157.138885 83.703720 0.000000
v -180.888901 92.907440 0.000000
v -149.750000 73.000000 0.000000
v -147.375000 59.250000 0.000000
v -170.520370 26.825928 0.000000
v -180.449997 38.366669 0.000000
v -145.751984 -37.143997 0.000000
v -159.401337 -43.263321 0.000000
v -150.806183 -53.825775 0.000000
v -158.666656 -29.944443 0.000000
v -126.153473 37.047714 0.000000
v -109.883331 37.700668 0.000000
v -123.466003 47.498001 0.000000
v -119.775909 26.603928 0.000000
v -142.625000 59.625000 0.000000
v -145.000000 45.500000 0.000000
v -136.238678 55.582657 0.000000
v -128.923859 66.119690 0.000000
v -140.250000 73.750000 0.000000
v -137.859039 39.647476 0.000000
v -123.261200 96.022369 0.000000
v -122.081329 112.162659 0.000000
v -135.500000 102.000000 0.000000
v -111.227997 108.955994 0.000000
v -123.055542 77.111099 0.000000
v -109.956421 96.318451 0.000000
v -132.935181 84.287033 0.000000
v -137.875000 87.875000 0.000000
v -128.588654 119.260651 0.000000
v -119.515991 125.532013 0.000000
v -133.125000 116.125000 0.000000
v -130.750000 130.250000 0.000000
v -122.203003 133.395020 0.000000
v -84.006561 120.274109 0.000000
v -99.055542 112.444427 0.000000
v -91.535126 104.070221 0.000000
v -90.352997 125.488983 0.000000
v -126.000000 158.500000 0.000000
v -111.328003 149.656006 0.000000
v -119.000000 162.500000 0.000000
v -116.342987 144.403015 0.000000
v -128.375000 144.375000 0.000000
v -98.640991 142.065002 0.000000
v -111.500000 137.333344 0.000000
v -102.324799 154.355011 0.000000
v -124.364349 144.384338 0.000000
v -76.000000 161.500000 0.000000
v -89.333344 158.500000 0.000000
v -73.000000 151.500000 0.000000
v -86.991455 150.688324 0.000000
v -141.423492 9.411255 0.000000
v -161.443024 14.418594 0.000000
v -153.218018 1.144653 0.000000
v -145.111115 25.944443 0.000000
v -88.666656 83.833328 0.000000
v -153.333344 -87.666664 0.000000
v -153.333344 -70.666664 0.000000
v -136.666656 -87.000000 0.000000
v -104.333344 16.166656 0.000000
v -99.216888 53.433777 0.000000
v -134.139557 -52.825775 0.000000
v -132.308685 -36.699997 0.000000
v -120.000000 -51.500000 0.000000
v -118.502472 -18.929794 0.000000
v -136.666656 -121.333328 0.000000
v -153.333344 -104.666664 0.000000
v -136.666656 -104.166664 0.000000
v -120.000000 -103.500000 0.000000
v -125.555542 -74.944450 0.000000
v -132.000000 -145.000000 0.000000
v -120.000000 -155.500000 0.000000
v -125.555542 -126.777771 0.000000
v -117.057404 61.636795 0.000000
v -105.457611 73.748581 0.000000
v -112.666656 48.500000 0.000000
v -106.289093 38.056213 0.000000
v -104.650665 60.301331 0.000000
v -125.128601 14.418579 0.000000
v -120.482880 -1.381577 0.000000
v -136.666656 -69.833336 0.000000
v -136.777802 -6.388901 0.000000
v -131.174011 -21.456009 0.000000
v -125.941345 1.144653 0.000000
v -148.240631 -24.381104 0.000000
v -150.729340 -11.618225 0.000000
v -169.004684 0.922668 0.000000
v -167.795990 -14.543335 0.000000
v -190.871994 106.292145 0.000000
v -185.013351 124.247711 0.000000
v -172.391342 127.659271 0.000000
v -194.666672 133.277802 0.000000
v -184.424011 140.700012 0.000000
v -194.850220 146.856018 0.000000
v -166.749329 -35.729782 0.000000
v -162.451996 -38.145996 0.000000
v -197.666672 158.500000 0.000000
v -202.460007 141.368011 0.000000
v -188.141342 153.122223 0.000000
v -197.115997 117.765350 0.000000
v -185.794006 61.969330 0.000000
v -177.666672 49.500000 0.000000
v -184.081345 38.834229 0.000000
v -107.032349 119.992340 0.000000
v -102.836670 131.028656 0.000000
v -87.331329 139.684662 0.000000
v -102.435944 87.944244 0.000000
v -95.585663 102.888306 0.000000
v -265.766663 127.690338 0.000000
v -267.688995 140.958008 0.000000
v -278.825989 139.441010 0.000000
v -256.500000 134.166656 0.000000
v -282.000000 -163.500000 0.000000
v -194.000000 -163.500000 0.000000
v -242.898666 -160.095993 0.000000
v -249.654999 -93.413002 0.000000
v -263.066345 -104.851326 0.000000
v -249.581009 -109.360001 0.000000
v -265.044678 -92.535667 0.000000
v -290.000000 -155.500000 0.000000
v -280.666687 -154.833328 0.000000
v -290.000000 -78.000000 0.000000
v -286.151978 -112.491333 0.000000
v -238.250000 -83.000000 0.000000
v -241.968338 -97.971001 0.000000
v -245.908997 -82.260002 0.000000
v -290.000000 -0.500000 0.000000
v -286.189026 -35.620331 0.000000
v -250.284988 16.466995 0.000000
v -261.643982 28.380997 0.000000
v -263.510986 16.755997 0.000000
v -250.358994 32.413986 0.000000
v -290.000000 77.000000 0.000000
v -286.226013 41.250671 0.000000
v -277.340759 151.652679 0.000000
v -286.000000 161.500000 0.000000
v -290.000000 154.500000 0.000000
v -274.333313 159.500000 0.000000
v -286.263000 118.121674 0.000000
v -263.844360 114.422638 0.000000
v -250.822006 119.247986 0.000000
v -250.748001 103.300995 0.000000
v -250.600006 71.406998 0.000000
v -259.996338 79.931335 0.000000
v -267.467010 67.231995 0.000000
v -250.673996 87.354004 0.000000
v -247.000000 162.500000 0.000000
v -240.000000 158.500000 0.000000
v -257.440796 154.764679 0.000000
v -239.500000 89.500000 0.000000
v -243.440674 122.415985 0.000000
v -278.752014 80.404007 0.000000
v -278.714996 63.828003 0.000000
v -239.000000 20.500000 0.000000
v -242.977661 52.786987 0.000000
v -278.677979 21.367004 0.000000
v -273.000000 32.333328 0.000000
v -278.640991 4.791000 0.000000
v -238.750000 -14.000000 0.000000
v -246.418335 -0.501999 0.000000
v -265.285339 -19.126999 0.000000
v -278.567017 -28.360992 0.000000
v -263.325684 -31.759995 0.000000
v -278.604004 -11.784988 0.000000
v -238.500000 -48.500000 0.000000
v -242.514664 -16.841995 0.000000
v -267.023010 -80.220001 0.000000
v -278.529999 -70.821999 0.000000
v -278.492981 -87.398003 0.000000
v -265.137329 -68.277672 0.000000
v -242.190674 -67.289001 0.000000
v -255.500000 -81.333336 0.000000
v -249.822006 -70.367004 0.000000
v -238.125000 -100.250000 0.000000
v -270.000000 -145.500000 0.000000
v -253.565323 -145.570663 0.000000
v -256.362671 -133.530334 0.000000
v -268.231995 -154.095993 0.000000
v -186.000000 -155.500000 0.000000
v -202.879105 -154.095993 0.000000
v -191.333328 -145.500000 0.000000
v -238.000000 -117.500000 0.000000
v -207.768005 -143.873779 0.000000
v -196.333328 -136.611115 0.000000
v -187.000000 -121.500000 0.000000
v -194.000000 -117.500000 0.000000
v -197.222229 -127.277771 0.000000
v -189.000000 -131.500000 0.000000
v -269.392670 88.455658 0.000000
v -261.921997 101.154999 0.000000
v -250.988998 142.294006 0.000000
v -273.166687 107.000000 0.000000
v -278.789001 96.980011 0.000000
v -282.526001 98.948334 0.000000
v -278.789001 122.864990 0.000000
v -264.337097 147.584015 0.000000
v -247.270340 140.014008 0.000000
v -238.000000 -137.923996 0.000000
v -245.695999 -124.197006 0.000000
v -252.695999 -153.287994 0.000000
v -238.000000 -148.166672 0.000000
v -223.333328 -156.692001 0.000000
v -223.304001 -153.287994 0.000000
v -228.222229 -129.419113 0.000000
v -208.666672 -132.833328 0.000000
v -213.555557 -122.611115 0.000000
v -223.323563 -141.348450 0.000000
v -269.848022 -130.841995 0.000000
v -279.485352 -143.619659 0.000000
v -282.304016 -129.777664 0.000000
v -278.455994 -129.859009 0.000000
v -272.666687 -117.000000 0.000000
v -261.088013 -117.167000 0.000000
v -278.455994 -103.973999 0.000000
v -272.833313 -42.333328 0.000000
v -282.377991 -53.535667 0.000000
v -278.567017 -54.245995 0.000000
v -249.969986 -38.473007 0.000000
v -250.043991 -22.526001 0.000000
v -249.896011 -54.420006 0.000000
v -263.251648 -56.335327 0.000000
v -261.365997 -44.392998 0.000000
v -267.244995 -6.494003 0.000000
v -255.833328 -9.500000 0.000000
v -265.377991 5.130997 0.000000
v -250.210999 0.520004 0.000000
v -282.451965 22.706345 0.000000
v -256.166687 62.333328 0.000000
v -246.844315 69.755997 0.000000
v -250.432999 48.360992 0.000000
v -278.677979 47.251999 0.000000
v -263.585022 41.331345 0.000000
v -265.526001 54.281662 0.000000
v -394.938904 -60.084007 0.000000
v -376.416656 -56.000000 0.000000
v -385.700073 -43.988991 0.000000
v -387.416656 -73.666664 0.000000
v -410.000000 -155.500000 0.000000
v -406.000000 -162.500000 0.000000
v -390.566223 -153.466217 0.000000
v -409.750000 -77.000000 0.000000
v -406.096344 -111.972672 0.000000
v -305.000000 119.500000 0.000000
v -313.111115 136.722198 0.000000
v -321.444458 129.388885 0.000000
v -301.000000 126.500000 0.000000
v -409.500000 1.500000 0.000000
v -405.966675 -40.917343 0.000000
v -334.833344 122.888885 0.000000
v -325.944458 138.777771 0.000000
v -339.500000 132.666656 0.000000
v -409.250000 80.000000 0.000000
v -405.633331 43.917343 0.000000
v -357.111115 132.055542 0.000000
v -371.833344 147.000000 0.000000
v -371.214935 127.073669 0.000000
v -354.944458 147.222198 0.000000
v -409.000000 158.500000 0.000000
v -405.475830 123.416351 0.000000
v -381.326050 136.851440 0.000000
v -388.055542 151.777802 0.000000
v -402.000000 162.500000 0.000000
v -399.170288 145.360809 0.000000
v -314.444458 156.166656 0.000000
v -306.833344 142.888885 0.000000
v -301.000000 154.500000 0.000000
v -318.500000 147.666656 0.000000
v -353.500000 162.000000 0.000000
v -375.777771 157.166656 0.000000
v -305.000000 161.500000 0.000000
v -319.833344 159.333344 0.000000
v -319.333344 5.611099 0.000000
v -312.333344 -2.166672 0.000000
v -312.111115 12.944443 0.000000
v -318.333344 -9.055557 0.000000
v -385.144379 46.766769 0.000000
v -381.366516 31.714996 0.000000
v -372.094391 38.182785 0.000000
v -392.583344 35.333328 0.000000
v -359.750000 93.500000 0.000000
v -360.000000 116.500000 0.000000
v -372.687164 107.740326 0.000000
v -332.500000 118.000000 0.000000
v -325.944458 146.555542 0.000000
v -319.833344 136.000000 0.000000
v -365.250000 92.000000 0.000000
v -376.250000 89.000000 0.000000
v -387.138885 75.777771 0.000000
v -370.555542 72.611099 0.000000
v -394.587006 91.510010 0.000000
v -359.500000 70.500000 0.000000
v -375.916656 58.333328 0.000000
v -394.438904 62.861771 0.000000
v -359.250000 47.500000 0.000000
v -364.805542 51.111099 0.000000
v -394.744385 -6.011002 0.000000
v -402.238831 -22.261658 0.000000
v -394.633392 9.010986 0.000000
v -359.000000 24.500000 0.000000
v -334.222229 -15.500000 0.000000
v -313.000000 -19.500000 0.000000
v -336.500000 -20.500000 0.000000
v -308.000000 -11.500000 0.000000
v -308.000000 16.500000 0.000000
v -316.000000 24.500000 0.000000
v -360.000000 -21.500000 0.000000
v -344.888885 -5.944443 0.000000
v -360.388885 -3.611099 0.000000
v -359.250000 -93.500000 0.000000
v -359.500000 -69.500000 0.000000
v -364.861115 -91.666664 0.000000
v -359.750000 -45.500000 0.000000
v -372.816711 -35.404999 0.000000
v -360.055542 11.722229 0.000000
v -345.000000 9.166672 0.000000
v -382.033508 -28.714996 0.000000
v -372.733398 -16.238327 0.000000
v -385.588898 -16.082657 0.000000
v -398.566498 -21.032990 0.000000
v -393.083344 -32.333328 0.000000
v -376.083344 -88.000000 0.000000
v -370.666656 -71.166664 0.000000
v -372.223938 -107.481667 0.000000
v -385.403625 -102.787666 0.000000
v -381.588501 -116.945000 0.000000
v -365.305542 -49.000000 0.000000
v -394.790771 -89.472664 0.000000
v -398.539001 -103.417999 0.000000
v -382.429047 -138.281219 0.000000
v -391.666656 -145.166672 0.000000
v -374.031982 -152.731995 0.000000
v -390.625885 -130.582886 0.000000
v -324.989105 -149.910889 0.000000
v -310.777771 -139.388885 0.000000
v -324.333344 -133.166672 0.000000
v -312.222229 -148.611115 0.000000
v -359.000000 -117.500000 0.000000
v -332.000000 -118.000000 0.000000
v -347.222443 -129.456223 0.000000
v -300.000000 -125.500000 0.000000
v -311.333344 -129.166672 0.000000
v -304.666656 -135.833328 0.000000
v -305.000000 -118.500000 0.000000
v -329.444458 -123.055557 0.000000
v -309.000000 -163.500000 0.000000
v -301.000000 -158.500000 0.000000
v -303.333344 -149.166672 0.000000
v -366.307495 -124.048996 0.000000
v -352.211334 -159.688660 0.000000
v -400.096375 -143.434555 0.000000
v -392.916656 -116.666672 0.000000
v -402.387177 -129.518341 0.000000
v -398.622498 -129.636993 0.000000
v -371.318176 -135.792999 0.000000
v -337.611115 151.333344 0.000000
v -398.649994 -47.251999 0.000000
v -398.149994 50.251999 0.000000
v -401.961182 25.261673 0.000000
v -398.233490 24.032990 0.000000
v -376.166656 1.500000 0.000000
v -385.255554 19.082657 0.000000
v -372.177734 19.238327 0.000000
v -381.811493 117.721008 0.000000
v -390.107452 131.767792 0.000000
v -390.333344 145.833344 0.000000
v -392.750000 118.333344 0.000000
v -401.896179 105.759674 0.000000
v -398.260986 105.529999 0.000000
v -398.177490 131.748993 0.000000
v -385.440826 104.083649 0.000000
v -329.666656 -5.500000 0.000000
v -330.222229 9.388901 0.000000
v -340.000000 19.388901 0.000000
v -341.433777 -141.311554 0.000000
v -358.333984 -137.701996 0.000000
v -358.000000 -147.833344 0.000000
v -373.888672 -156.099335 0.000000
v -341.634003 -153.065994 0.000000
vt 0.976524 0.906728
vt 0.962370 0.932774
vt 0.973166 0.952465
vt 0.963283 0.889075
vt 0.834146 0.972477
vt 0.840244 0.996942
vt 0.848953 0.961960
vt 0.834451 0.733180
vt 0.838647 0.858484
vt 0.900000 0.153624
vt 0.910114 0.197208
vt 0.911281 0.136086
vt 0.897720 0.201717
vt 0.834756 0.493884
vt 0.838975 0.620149
vt 0.890999 0.123069
vt 0.901166 0.092501
vt 0.835061 0.254587
vt 0.839291 0.371918
vt 0.843062 0.029147
vt 0.843902 0.003058
vt 0.835366 0.015290
vt 0.851328 0.028128
vt 0.840081 0.139632
vt 0.883998 0.032206
vt 0.871913 0.070115
vt 0.888044 0.070511
vt 0.870312 0.030167
vt 0.870909 0.114067
vt 0.891463 0.003058
vt 0.878862 0.008155
vt 0.901219 0.018349
vt 0.867278 0.313991
vt 0.857080 0.256850
vt 0.850132 0.311954
vt 0.877425 0.276566
vt 0.906250 0.077217
vt 0.887573 0.239142
vt 0.868902 0.201972
vt 0.885874 0.175586
vt 0.905052 0.256425
vt 0.916311 0.194954
vt 0.914603 0.293416
vt 0.921341 0.253823
vt 0.926372 0.312691
vt 0.886931 0.403619
vt 0.867565 0.409272
vt 0.882848 0.461156
vt 0.867422 0.361631
vt 0.918902 0.422018
vt 0.900643 0.379791
vt 0.899912 0.449524
vt 0.915467 0.369104
vt 0.931402 0.371560
vt 0.917957 0.332662
vt 0.932266 0.447248
vt 0.918089 0.478084
vt 0.928913 0.408002
vt 0.933918 0.400994
vt 0.941463 0.489297
vt 0.917276 0.533639
vt 0.938948 0.459862
vt 0.936433 0.430428
vt 0.916463 0.588685
vt 0.903100 0.564093
vt 0.906453 0.602574
vt 0.941616 0.459671
vt 0.949980 0.454497
vt 0.903963 0.638379
vt 0.901448 0.609518
vt 0.919719 0.640268
vt 0.998171 0.507645
vt 0.998476 0.267584
vt 0.994133 0.381776
vt 0.954289 0.420553
vt 0.946077 0.396101
vt 0.941768 0.430046
vt 0.954391 0.387462
vt 0.985751 0.370098
vt 0.979370 0.421509
vt 0.968950 0.400570
vt 0.941921 0.400420
vt 0.942073 0.370795
vt 0.950421 0.355520
vt 0.942226 0.341170
vt 0.946416 0.330214
vt 0.942378 0.311544
vt 0.946620 0.290714
vt 0.942531 0.281919
vt 0.954798 0.308303
vt 0.967523 0.205789
vt 0.975704 0.243365
vt 0.986157 0.210896
vt 0.955001 0.255462
vt 0.955204 0.202621
vt 0.942683 0.252294
vt 0.942988 0.193043
vt 0.947128 0.178622
vt 0.943293 0.133792
vt 0.955407 0.149780
vt 0.971937 0.118401
vt 0.951505 0.118064
vt 0.969730 0.162095
vt 0.950719 0.029656
vt 0.952439 0.003058
vt 0.943902 0.015290
vt 0.957765 0.029656
vt 0.943598 0.074541
vt 0.965041 0.015290
vt 0.965000 0.053539
vt 0.973631 0.034076
vt 0.955815 0.070621
vt 0.947670 0.073234
vt 0.993902 0.006116
vt 0.981707 0.012232
vt 0.998780 0.027523
vt 0.984877 0.038154
vt 0.966709 0.444150
vt 0.994505 0.141941
vt 0.958249 0.494728
vt 0.972977 0.481722
vt 0.985649 0.450278
vt 0.983465 0.502887
vt 0.976568 0.747028
vt 0.956856 0.729039
vt 0.965107 0.801679
vt 0.966732 0.691697
vt 0.997866 0.747706
vt 0.993816 0.630799
vt 0.946781 0.932774
vt 0.943825 0.880838
vt 0.934019 0.911604
vt 0.997561 0.987768
vt 0.993026 0.863030
vt 0.934146 0.984710
vt 0.946806 0.972494
vt 0.929116 0.926988
vt 0.943902 1.000000
vt 0.989024 1.000000
vt 0.990045 0.973854
vt 0.973577 0.990826
vt 0.882927 1.000000
vt 0.892683 0.975535
vt 0.880808 0.960941
vt 0.880027 0.849034
vt 0.862548 0.880808
vt 0.873374 0.899083
vt 0.864824 0.838019
vt 0.924085 0.869266
vt 0.935005 0.851275
vt 0.919055 0.811544
vt 0.925071 0.808937
vt 0.858419 0.758390
vt 0.880252 0.746633
vt 0.869392 0.726911
vt 0.867099 0.795231
vt 0.937104 0.803722
vt 0.929953 0.750428
vt 0.946980 0.766380
vt 0.914024 0.753823
vt 0.983337 0.692150
vt 0.908994 0.696101
vt 0.920582 0.714555
vt 0.985412 0.637046
vt 0.966679 0.644711
vt 0.966627 0.597724
vt 0.917229 0.676073
vt 0.898933 0.580657
vt 0.951977 0.548474
vt 0.947893 0.605388
vt 0.935273 0.561123
vt 0.867574 0.563161
vt 0.876395 0.514336
vt 0.861034 0.524510
vt 0.885075 0.555202
vt 0.893902 0.522936
vt 0.896418 0.551797
vt 0.893826 0.551223
vt 0.847819 0.553457
vt 0.850095 0.501418
vt 0.893750 0.579511
vt 0.880631 0.587507
vt 0.889305 0.611815
vt 0.893674 0.607798
vt 0.893598 0.636086
vt 0.880569 0.619849
vt 0.889136 0.674726
vt 0.884844 0.650456
vt 0.873882 0.668451
vt 0.893521 0.664373
vt 0.893445 0.692661
vt 0.889034 0.712443
vt 0.893369 0.720948
vt 0.847537 0.737706
vt 0.860712 0.690070
vt 0.893293 0.749236
vt 0.847446 0.789868
vt 0.893140 0.805810
vt 0.880140 0.797833
vt 0.853963 0.818298
vt 0.892988 0.862385
vt 0.888769 0.820218
vt 0.860272 0.923596
vt 0.847254 0.921956
vt 0.892835 0.918960
vt 0.884279 0.878679
vt 0.860877 0.965358
vt 0.870005 0.943628
vt 0.888498 0.920846
vt 0.869919 0.982671
vt 0.852439 0.989806
vt 0.982051 0.974874
vt 0.964195 0.845377
vt 0.948679 0.828746
vt 0.982208 0.801000
vt 0.983652 0.853615
vt 0.988255 0.925059
vt 0.983551 0.933795
vt 0.959950 0.974533
vt 0.843081 0.797614
vt 0.847345 0.869794
vt 0.879823 0.924618
vt 0.848056 0.367284
vt 0.854573 0.423802
vt 0.883435 0.343782
vt 0.896096 0.313735
vt 0.867709 0.456913
vt 0.850140 0.466002
vt 0.847954 0.447209
vt 0.843589 0.436126
vt 0.854370 0.583333
vt 0.865287 0.605464
vt 0.843431 0.560241
vt 0.862999 0.647767
vt 0.847717 0.633382
vt 0.847627 0.685544
vt 0.851260 0.201859
vt 0.869906 0.158020
vt 0.857215 0.096075
vt 0.849816 0.149018
vt 0.845033 0.077801
vt 0.849918 0.069093
vt 0.860163 0.012232
vt 0.860664 0.050480
vt 0.961789 0.098369
vt 0.979980 0.182467
vt 0.974144 0.074706
vt 0.986395 0.077648
vt 0.880365 0.695433
vt 0.965251 0.275834
vt 0.973433 0.313410
vt 0.960874 0.336391
vt 0.971192 0.356990
vt 0.986022 0.263963
vt 0.985887 0.317031
vt 0.966574 0.550737
vt 0.983420 0.538416
vt 0.979167 0.581549
vt 0.989699 0.567186
vt 0.985514 0.556865
vt 0.934362 0.629271
vt 0.951118 0.663609
vt 0.938729 0.693740
vt 0.989857 0.442674
vt 0.986259 0.130716
vt 0.990297 0.203065
vt 0.676934 0.912239
vt 0.662195 0.926606
vt 0.679320 0.944566
vt 0.666312 0.906510
vt 0.686585 0.987768
vt 0.696341 1.000000
vt 0.695257 0.978933
vt 0.689181 0.919326
vt 0.692871 0.952042
vt 0.718230 0.866611
vt 0.719512 0.844037
vt 0.718762 0.843606
vt 0.725610 0.859327
vt 0.657317 0.902141
vt 0.657317 0.634047
vt 0.661864 0.758758
vt 0.794309 0.109072
vt 0.796748 0.086646
vt 0.784959 0.080530
vt 0.807453 0.093442
vt 0.657317 0.365953
vt 0.661407 0.512839
vt 0.690650 0.077472
vt 0.699494 0.039632
vt 0.681030 0.052328
vt 0.706540 0.070893
vt 0.657317 0.097859
vt 0.661505 0.246733
vt 0.666396 0.093102
vt 0.662195 0.073394
vt 0.677507 0.086307
vt 0.794986 0.055386
vt 0.782114 0.049609
vt 0.690244 0.006116
vt 0.773848 0.079171
vt 0.779268 0.003058
vt 0.738945 0.014487
vt 0.789024 0.015290
vt 0.780217 0.023785
vt 0.786537 0.174937
vt 0.776433 0.145985
vt 0.778522 0.182519
vt 0.791800 0.150455
vt 0.810976 0.070336
vt 0.681881 0.386574
vt 0.694163 0.414994
vt 0.694163 0.378775
vt 0.673689 0.409973
vt 0.817073 0.100917
vt 0.683932 0.449433
vt 0.669587 0.448972
vt 0.817073 0.365953
vt 0.812934 0.221059
vt 0.681174 0.641859
vt 0.693787 0.687033
vt 0.704322 0.635251
vt 0.674021 0.687055
vt 0.817073 0.630989
vt 0.813081 0.513091
vt 0.717470 0.941114
vt 0.708527 0.972374
vt 0.726393 0.968092
vt 0.702846 0.949032
vt 0.817073 0.896024
vt 0.812974 0.777020
vt 0.712112 0.917383
vt 0.723171 0.906218
vt 0.710319 0.896900
vt 0.810976 0.926606
vt 0.807453 0.903500
vt 0.805386 0.862647
vt 0.794309 0.887870
vt 0.780488 0.996942
vt 0.791192 0.948352
vt 0.734407 0.988345
vt 0.679425 0.890784
vt 0.692975 0.902337
vt 0.777110 0.849456
vt 0.763789 0.833934
vt 0.764321 0.863173
vt 0.771956 0.826290
vt 0.714310 0.757026
vt 0.692249 0.769063
vt 0.708184 0.803570
vt 0.693018 0.728048
vt 0.700782 0.921753
vt 0.669233 0.874185
vt 0.666411 0.823952
vt 0.693741 0.865921
vt 0.680621 0.843497
vt 0.677799 0.793264
vt 0.691481 0.810078
vt 0.670958 0.829629
vt 0.670958 0.740086
vt 0.706854 0.850195
vt 0.719700 0.887482
vt 0.730760 0.895551
vt 0.700451 0.322443
vt 0.707031 0.283266
vt 0.694602 0.303938
vt 0.712586 0.315265
vt 0.805346 0.135432
vt 0.676180 0.231470
vt 0.685190 0.192825
vt 0.669879 0.186844
vt 0.688780 0.231178
vt 0.764228 0.103976
vt 0.775207 0.110164
vt 0.762466 0.083928
vt 0.785234 0.111862
vt 0.776774 0.473025
vt 0.790764 0.458738
vt 0.780117 0.424935
vt 0.787078 0.497470
vt 0.665497 0.451147
vt 0.675740 0.490607
vt 0.690960 0.564442
vt 0.673107 0.592353
vt 0.692416 0.604497
vt 0.669587 0.538516
vt 0.689503 0.524387
vt 0.688047 0.484332
vt 0.804657 0.284829
vt 0.800396 0.332894
vt 0.808796 0.282363
vt 0.790030 0.294676
vt 0.679675 0.108053
vt 0.693902 0.095141
vt 0.695989 0.122802
vt 0.728993 0.080251
vt 0.742862 0.105242
vt 0.742376 0.069780
vt 0.734054 0.120532
vt 0.711382 0.099898
vt 0.696911 0.160453
vt 0.682155 0.151783
vt 0.665692 0.187030
vt 0.668957 0.130919
vt 0.681881 0.364285
vt 0.669879 0.276387
vt 0.684421 0.270501
vt 0.673787 0.330156
vt 0.762886 0.161008
vt 0.757348 0.181075
vt 0.770768 0.169859
vt 0.754878 0.155963
vt 0.773242 0.395005
vt 0.760648 0.338872
vt 0.760153 0.412180
vt 0.766918 0.341881
vt 0.718385 0.025238
vt 0.717588 0.035309
vt 0.719321 0.071819
vt 0.721588 0.106941
vt 0.731301 0.049949
vt 0.756831 0.060699
vt 0.750813 0.094801
vt 0.747322 0.034287
vt 0.766316 0.030118
vt 0.765180 0.135308
vt 0.772358 0.053007
vt 0.798430 0.244145
vt 0.804657 0.196307
vt 0.789718 0.210042
vt 0.775214 0.233128
vt 0.765671 0.209719
vt 0.792216 0.379596
vt 0.779457 0.347899
vt 0.785976 0.251299
vt 0.754607 0.113150
vt 0.800762 0.414899
vt 0.698265 0.457049
vt 0.790764 0.545581
vt 0.770615 0.524686
vt 0.776278 0.558110
vt 0.775526 0.288254
vt 0.761144 0.265565
vt 0.800496 0.675606
vt 0.779637 0.680302
vt 0.790230 0.716673
vt 0.792276 0.636078
vt 0.716228 0.666005
vt 0.726764 0.614223
vt 0.710876 0.550313
vt 0.710019 0.589678
vt 0.703836 0.502155
vt 0.799091 0.497871
vt 0.805097 0.453810
vt 0.805097 0.542332
vt 0.800762 0.590088
vt 0.809089 0.454032
vt 0.767799 0.444595
vt 0.763126 0.496670
vt 0.761639 0.579918
vt 0.787088 0.823851
vt 0.792065 0.847125
vt 0.779379 0.818047
vt 0.731021 0.931806
vt 0.804777 0.715526
vt 0.804777 0.804048
vt 0.798610 0.757922
vt 0.808876 0.716854
vt 0.790144 0.792095
vt 0.786277 0.754191
vt 0.766814 0.792055
vt 0.775780 0.772997
vt 0.772366 0.961840
vt 0.782114 0.921509
vt 0.743500 0.921107
vt 0.795799 0.911995
vt 0.741463 0.952090
vt 0.753793 0.977368
vt 0.754498 0.967070
vt 0.752991 0.929087
vt 0.760976 0.899083
vt 0.765862 0.929220
vt 0.750679 0.893172
vt 0.784511 0.886278
vt 0.773400 0.890016
vt 0.712077 0.713606
vt 0.728135 0.696759
vt 0.761684 0.746751
vt 0.775866 0.727081
vt 0.754472 0.866463
vt 0.699865 0.207409
vt 0.709269 0.137752
vt 0.686215 0.309484
vt 0.694163 0.348127
vt 0.706445 0.431342
vt 0.780117 0.596942
vt 0.767303 0.613342
vt 0.773302 0.646803
vt 0.760153 0.663166
vt 0.760896 0.621542
vt 0.700304 0.400327
vt 0.700304 0.363355
vt 0.706445 0.383049
vt 0.712586 0.363163
vt 0.699095 0.255237
vt 0.747561 0.859327
vt 0.738890 0.879920
vt 0.754878 0.840979
vt 0.759379 0.811366
vt 0.755962 0.133537
vt 0.748780 0.140673
vt 0.724390 0.140673
vt 0.712586 0.471820
vt 0.712586 0.407210
vt 0.706445 0.342185
vt 0.760918 0.704959
vt 0.767158 0.696740
vt 0.713904 0.230596
vt 0.710109 0.181318
vt 0.719512 0.152905
vt 0.586585 1.000000
vt 0.629268 1.000000
vt 0.618293 0.991845
vt 0.590704 0.869627
vt 0.609133 0.834619
vt 0.597663 0.816514
vt 0.606788 0.878770
vt 0.576829 0.975535
vt 0.594029 0.960715
vt 0.577134 0.735474
vt 0.581556 0.860212
vt 0.625398 0.262716
vt 0.625420 0.209875
vt 0.614040 0.243477
vt 0.639024 0.264526
vt 0.577439 0.495413
vt 0.581838 0.620377
vt 0.625352 0.368398
vt 0.607105 0.401591
vt 0.618496 0.420489
vt 0.609426 0.357669
vt 0.577744 0.255352
vt 0.582121 0.380542
vt 0.598272 0.099388
vt 0.611884 0.075385
vt 0.591518 0.071300
vt 0.609573 0.119194
vt 0.578049 0.015290
vt 0.582403 0.140707
vt 0.623609 0.038380
vt 0.634146 0.006116
vt 0.619919 0.012232
vt 0.639024 0.027523
vt 0.586585 0.003058
vt 0.585384 0.029883
vt 0.586994 0.079357
vt 0.604783 0.445514
vt 0.613916 0.481726
vt 0.625352 0.447557
vt 0.591088 0.496997
vt 0.634490 0.140921
vt 0.609280 0.596144
vt 0.625285 0.606080
vt 0.625307 0.553239
vt 0.606947 0.640180
vt 0.639024 0.501529
vt 0.634467 0.378151
vt 0.590851 0.736379
vt 0.590806 0.789446
vt 0.602299 0.754710
vt 0.639024 0.738532
vt 0.634444 0.615380
vt 0.634422 0.852610
vt 0.618293 0.896534
vt 0.629819 0.914072
vt 0.625217 0.843761
vt 0.639024 0.975535
vt 0.600813 0.983690
vt 0.627511 0.963434
vt 0.611477 0.790468
vt 0.615985 0.945895
vt 0.625217 0.922920
vt 0.625240 0.790920
vt 0.604444 0.922920
vt 0.590659 0.922694
vt 0.607850 0.966152
vt 0.586215 0.798182
vt 0.613792 0.719975
vt 0.604613 0.684217
vt 0.625262 0.738079
vt 0.604952 0.206810
vt 0.591326 0.257615
vt 0.591371 0.204547
vt 0.602660 0.277080
vt 0.611748 0.313746
vt 0.599341 0.028863
vt 0.618598 0.182467
vt 0.629955 0.201705
vt 0.625420 0.130716
vt 0.607263 0.163002
vt 0.625443 0.077875
vt 0.625375 0.315557
vt 0.591281 0.310682
vt 0.598069 0.338430
vt 0.586734 0.318965
vt 0.591179 0.390862
vt 0.591134 0.443930
vt 0.591043 0.550064
vt 0.602480 0.515895
vt 0.586475 0.558574
vt 0.597866 0.577472
vt 0.590941 0.630245
vt 0.618394 0.658512
vt 0.625285 0.685239
vt 0.611613 0.552107
vt 0.590896 0.683312
vt 0.625330 0.500398
vt 0.629910 0.439161
vt 0.607773 0.052972
vt 0.591416 0.151480
vt 0.629865 0.676617
vt 0.408537 0.709480
vt 0.419470 0.702364
vt 0.418293 0.685015
vt 0.420551 0.735663
vt 0.439024 0.987768
vt 0.448780 1.000000
vt 0.446344 0.977951
vt 0.467073 0.688073
vt 0.462381 0.702384
vt 0.468978 0.713616
vt 0.454878 0.687309
vt 0.409756 0.908257
vt 0.429000 0.937176
vt 0.413277 0.800883
vt 0.471951 0.847095
vt 0.465880 0.850486
vt 0.471553 0.852303
vt 0.466387 0.823688
vt 0.471951 0.709480
vt 0.442683 0.686544
vt 0.430852 0.694719
vt 0.441785 0.701534
vt 0.451092 0.705461
vt 0.443371 0.728604
vt 0.453616 0.693360
vt 0.440690 0.832008
vt 0.447580 0.883594
vt 0.456800 0.861922
vt 0.433618 0.866272
vt 0.442824 0.949785
vt 0.544385 0.682851
vt 0.560366 0.706422
vt 0.548222 0.641085
vt 0.544533 0.725217
vt 0.463163 0.967290
vt 0.451228 0.946085
vt 0.476829 0.859327
vt 0.473221 0.909914
vt 0.462760 0.919756
vt 0.471310 0.937261
vt 0.463830 0.903271
vt 0.556098 0.926606
vt 0.542194 0.913982
vt 0.537018 0.949006
vt 0.552736 0.906872
vt 0.498780 0.844037
vt 0.492683 0.859327
vt 0.495173 0.857926
vt 0.538265 0.857129
vt 0.524790 0.845966
vt 0.531758 0.887102
vt 0.534841 0.825080
vt 0.535155 0.284949
vt 0.524398 0.300202
vt 0.526888 0.313540
vt 0.519419 0.273526
vt 0.492683 0.562691
vt 0.498780 0.577982
vt 0.499115 0.552656
vt 0.415854 0.070336
vt 0.430217 0.085287
vt 0.431843 0.055046
vt 0.419919 0.090384
vt 0.468902 0.561162
vt 0.470054 0.546041
vt 0.445122 0.559633
vt 0.453523 0.518858
vt 0.433469 0.505946
vt 0.443089 0.481142
vt 0.412195 0.477064
vt 0.411585 0.285933
vt 0.416301 0.372726
vt 0.410976 0.094801
vt 0.415389 0.180833
vt 0.502439 0.311927
vt 0.504867 0.282446
vt 0.496341 0.287462
vt 0.504995 0.312095
vt 0.554537 0.181828
vt 0.546536 0.160162
vt 0.540518 0.192940
vt 0.547084 0.120326
vt 0.437805 0.015290
vt 0.504482 0.193499
vt 0.517584 0.177898
vt 0.506870 0.164491
vt 0.512567 0.213141
vt 0.447561 0.003058
vt 0.446612 0.023445
vt 0.509760 0.289356
vt 0.521951 0.003058
vt 0.481021 0.013015
vt 0.531707 0.015290
vt 0.522764 0.023445
vt 0.519787 0.147069
vt 0.531602 0.166786
vt 0.534167 0.137748
vt 0.553659 0.070336
vt 0.537534 0.055046
vt 0.558537 0.094801
vt 0.549458 0.090384
vt 0.506078 0.562562
vt 0.505981 0.539928
vt 0.511977 0.541711
vt 0.558537 0.290520
vt 0.543293 0.469419
vt 0.526829 0.428135
vt 0.539136 0.474739
vt 0.498393 0.476698
vt 0.505785 0.494662
vt 0.505687 0.472029
vt 0.501394 0.497004
vt 0.548781 0.314985
vt 0.548194 0.290613
vt 0.527236 0.079511
vt 0.524526 0.048930
vt 0.539024 0.085287
vt 0.517707 0.109505
vt 0.527734 0.110864
vt 0.515989 0.077812
vt 0.472358 0.515800
vt 0.450264 0.299325
vt 0.439992 0.328410
vt 0.457507 0.335198
vt 0.437345 0.294852
vt 0.455939 0.267926
vt 0.439031 0.262794
vt 0.440717 0.230736
vt 0.471951 0.406728
vt 0.469929 0.296862
vt 0.486585 0.047910
vt 0.497967 0.022972
vt 0.498398 0.032930
vt 0.497434 0.070913
vt 0.506376 0.062285
vt 0.467255 0.205314
vt 0.471951 0.152905
vt 0.463089 0.169742
vt 0.511661 0.029325
vt 0.471951 0.092763
vt 0.479269 0.102750
vt 0.477770 0.067855
vt 0.470867 0.110771
vt 0.490244 0.137615
vt 0.496341 0.152905
vt 0.497561 0.130819
vt 0.485367 0.117700
vt 0.487807 0.077872
vt 0.494716 0.105808
vt 0.478049 0.137615
vt 0.435531 0.139596
vt 0.450061 0.151007
vt 0.441619 0.112177
vt 0.438689 0.170484
vt 0.441870 0.079511
vt 0.451511 0.110818
vt 0.452981 0.077812
vt 0.470867 0.130819
vt 0.424246 0.268796
vt 0.424684 0.311988
vt 0.455199 0.223973
vt 0.420881 0.417088
vt 0.431911 0.389908
vt 0.425326 0.419018
vt 0.460894 0.422022
vt 0.472222 0.431872
vt 0.458248 0.379150
vt 0.479268 0.425076
vt 0.485884 0.526726
vt 0.494803 0.539012
vt 0.505491 0.426763
vt 0.493880 0.436072
vt 0.505589 0.449396
vt 0.496881 0.456378
vt 0.515018 0.437432
vt 0.516415 0.471601
vt 0.530823 0.485378
vt 0.523462 0.456970
vt 0.514131 0.491567
vt 0.520068 0.571997
vt 0.506176 0.585195
vt 0.514170 0.592848
vt 0.559756 0.510703
vt 0.538183 0.513785
vt 0.506274 0.607828
vt 0.520332 0.639010
vt 0.506470 0.653094
vt 0.556115 0.619403
vt 0.508666 0.904740
vt 0.513264 0.865856
vt 0.505065 0.870080
vt 0.520934 0.891392
vt 0.560976 0.902141
vt 0.556737 0.814038
vt 0.506516 0.832371
vt 0.506335 0.846863
vt 0.504058 0.826598
vt 0.507919 0.952489
vt 0.497401 0.910313
vt 0.521208 0.941717
vt 0.525610 0.996942
vt 0.487957 0.984242
vt 0.467910 0.743295
vt 0.433520 0.755087
vt 0.431580 0.712597
vt 0.462660 0.720791
vt 0.451093 0.921620
vt 0.438220 0.915504
vt 0.479302 0.877421
vt 0.487855 0.863023
vt 0.471293 0.890837
vt 0.455482 0.738836
vt 0.468580 0.813625
vt 0.457652 0.835394
vt 0.423307 0.891688
vt 0.428057 0.822741
vt 0.417746 0.848157
vt 0.421945 0.851303
vt 0.436557 0.794891
vt 0.421537 0.784912
vt 0.447442 0.767754
vt 0.457991 0.817529
vt 0.466641 0.810289
vt 0.489481 0.955785
vt 0.494054 0.870414
vt 0.500972 0.877931
vt 0.485044 0.881117
vt 0.529347 0.923470
vt 0.500195 0.858638
vt 0.485586 0.912037
vt 0.499723 0.853771
vt 0.541136 0.891870
vt 0.550327 0.875854
vt 0.501939 0.264352
vt 0.517547 0.239817
vt 0.509675 0.269590
vt 0.504738 0.252797
vt 0.512734 0.457397
vt 0.503646 0.567702
vt 0.444715 0.048930
vt 0.461538 0.135283
vt 0.462602 0.101937
vt 0.463008 0.082229
vt 0.484980 0.473959
vt 0.492611 0.501688
vt 0.460298 0.486918
vt 0.476805 0.493767
vt 0.465447 0.463812
vt 0.451274 0.446827
vt 0.426870 0.459075
vt 0.437900 0.431895
vt 0.425122 0.355180
vt 0.445284 0.395526
vt 0.442638 0.361968
vt 0.480532 0.448422
vt 0.429939 0.195349
vt 0.419666 0.224434
vt 0.423809 0.225604
vt 0.422502 0.120861
vt 0.423605 0.161766
vt 0.442402 0.198678
vt 0.453239 0.185000
vt 0.507408 0.133970
vt 0.528482 0.193127
vt 0.432927 0.106014
vt 0.528389 0.244329
vt 0.537266 0.266335
vt 0.547446 0.260795
vt 0.550536 0.225405
vt 0.536179 0.106014
vt 0.537428 0.228331
vt 0.546536 0.225532
vt 0.458528 0.029325
vt 0.454472 0.051988
vt 0.466658 0.059227
vt 0.473551 0.032930
vt 0.514634 0.051988
vt 0.523971 0.545275
vt 0.534048 0.576381
vt 0.543915 0.543898
vt 0.520225 0.515983
vt 0.505883 0.517295
vt 0.506098 0.101937
vt 0.499203 0.523880
vt 0.551999 0.575834
vt 0.548019 0.575715
vt 0.542132 0.608318
vt 0.530156 0.608154
vt 0.534698 0.754984
vt 0.548667 0.768180
vt 0.542800 0.799152
vt 0.534315 0.650095
vt 0.552634 0.769384
vt 0.548871 0.833550
vt 0.520828 0.761889
vt 0.507058 0.788893
vt 0.514872 0.800832
vt 0.506862 0.743627
vt 0.506696 0.817878
vt 0.520783 0.819856
vt 0.512607 0.836902
vt 0.530862 0.795725
vt 0.451676 0.798884
vt 0.460749 0.769313
vt 0.524566 0.701048
vt 0.504803 0.267622
vt 0.512502 0.669079
vt 0.506666 0.698360
vt 0.466895 0.796890
vt 0.512763 0.729434
vt 0.297561 0.996942
vt 0.343902 1.000000
vt 0.330081 0.983690
vt 0.313008 0.872069
vt 0.313008 0.924057
vt 0.325474 0.926266
vt 0.299458 0.906898
vt 0.292683 0.975535
vt 0.313550 0.968230
vt 0.292683 0.821101
vt 0.314282 0.378075
vt 0.296639 0.352709
vt 0.299871 0.385346
vt 0.312396 0.330108
vt 0.292683 0.666667
vt 0.299458 0.751954
vt 0.288733 0.308619
vt 0.296138 0.262657
vt 0.274406 0.269201
vt 0.303385 0.297375
vt 0.301931 0.150583
vt 0.298713 0.201948
vt 0.311585 0.192661
vt 0.288415 0.150527
vt 0.273171 0.450561
vt 0.287075 0.553901
vt 0.290244 0.003058
vt 0.284245 0.034794
vt 0.300000 0.024465
vt 0.277642 0.010194
vt 0.253659 0.234455
vt 0.266750 0.331836
vt 0.293628 0.067584
vt 0.305793 0.108563
vt 0.234146 0.018349
vt 0.249140 0.130888
vt 0.242683 0.003058
vt 0.251575 0.028677
vt 0.248953 0.075297
vt 0.308689 0.150612
vt 0.314482 0.234710
vt 0.308367 0.244025
vt 0.279404 0.215879
vt 0.317378 0.276758
vt 0.320274 0.318807
vt 0.292048 0.417964
vt 0.279939 0.382671
vt 0.322254 0.613590
vt 0.305608 0.632304
vt 0.316090 0.664605
vt 0.306504 0.591573
vt 0.346154 0.386704
vt 0.365996 0.384707
vt 0.349432 0.354746
vt 0.353932 0.418642
vt 0.326067 0.317661
vt 0.323171 0.360856
vt 0.333855 0.330022
vt 0.342776 0.297799
vt 0.328963 0.274465
vt 0.331879 0.378754
vt 0.349681 0.206354
vt 0.351120 0.156995
vt 0.334756 0.188073
vt 0.364356 0.166801
vt 0.349932 0.264186
vt 0.365907 0.205448
vt 0.337884 0.242242
vt 0.331860 0.231269
vt 0.343185 0.135289
vt 0.354249 0.116110
vt 0.337652 0.144878
vt 0.340549 0.101682
vt 0.350972 0.092064
vt 0.397553 0.132189
vt 0.379201 0.156133
vt 0.388372 0.181742
vt 0.389813 0.116242
vt 0.346341 0.015290
vt 0.364234 0.042336
vt 0.354878 0.003058
vt 0.358118 0.058401
vt 0.343445 0.058486
vt 0.379706 0.065550
vt 0.364024 0.080020
vt 0.375214 0.027966
vt 0.348336 0.058458
vt 0.407317 0.006116
vt 0.391057 0.015290
vt 0.410976 0.036697
vt 0.393913 0.039179
vt 0.327532 0.471219
vt 0.303118 0.455906
vt 0.313149 0.496500
vt 0.323035 0.420659
vt 0.391870 0.243629
vt 0.313008 0.768094
vt 0.313008 0.716106
vt 0.333333 0.766055
vt 0.372764 0.450561
vt 0.379004 0.336594
vt 0.336415 0.661547
vt 0.338648 0.612232
vt 0.353659 0.657492
vt 0.355485 0.557889
vt 0.333333 0.871050
vt 0.313008 0.820082
vt 0.333333 0.818552
vt 0.353659 0.816514
vt 0.346883 0.729188
vt 0.339024 0.943425
vt 0.353659 0.975535
vt 0.346883 0.887700
vt 0.357247 0.311508
vt 0.371393 0.274469
vt 0.362602 0.351682
vt 0.370379 0.383620
vt 0.372377 0.315592
vt 0.347404 0.455907
vt 0.353070 0.504225
vt 0.333333 0.713558
vt 0.333198 0.519538
vt 0.340032 0.565615
vt 0.346413 0.496500
vt 0.319219 0.574560
vt 0.316184 0.535530
vt 0.293897 0.497178
vt 0.295371 0.544475
vt 0.267229 0.174948
vt 0.274374 0.120038
vt 0.289767 0.109605
vt 0.262602 0.092423
vt 0.275093 0.069725
vt 0.262378 0.050899
vt 0.296647 0.609265
vt 0.301888 0.616654
vt 0.258943 0.015290
vt 0.253098 0.067682
vt 0.270559 0.031736
vt 0.259615 0.139861
vt 0.273422 0.310491
vt 0.283333 0.348624
vt 0.275511 0.381241
vt 0.369473 0.133051
vt 0.374589 0.099301
vt 0.393498 0.072830
vt 0.375078 0.231057
vt 0.383432 0.185357
vt 0.175894 0.109510
vt 0.173550 0.068936
vt 0.159968 0.073575
vt 0.187195 0.089704
vt 0.156098 1.000000
vt 0.263415 1.000000
vt 0.203782 0.989590
vt 0.195543 0.785667
vt 0.179187 0.820646
vt 0.195633 0.834434
vt 0.176775 0.782984
vt 0.146341 0.975535
vt 0.157724 0.973496
vt 0.146341 0.738532
vt 0.151034 0.844010
vt 0.209451 0.753823
vt 0.204917 0.799605
vt 0.200111 0.751560
vt 0.146341 0.501529
vt 0.150989 0.608931
vt 0.194774 0.449642
vt 0.180922 0.413208
vt 0.178645 0.448758
vt 0.194684 0.400875
vt 0.146341 0.264526
vt 0.150944 0.373851
vt 0.161780 0.036230
vt 0.151220 0.006116
vt 0.146341 0.027523
vt 0.165447 0.012232
vt 0.150899 0.138772
vt 0.178239 0.150084
vt 0.194119 0.135327
vt 0.194210 0.184095
vt 0.194390 0.281630
vt 0.182931 0.255562
vt 0.173821 0.294398
vt 0.194300 0.232862
vt 0.198780 0.003058
vt 0.207317 0.015290
vt 0.186048 0.026713
vt 0.207927 0.226300
vt 0.203121 0.125639
vt 0.160059 0.254116
vt 0.160104 0.304807
vt 0.208537 0.437309
vt 0.203686 0.338572
vt 0.160149 0.434657
vt 0.167073 0.401121
vt 0.160194 0.485349
vt 0.208841 0.542813
vt 0.199490 0.501535
vt 0.176481 0.558492
vt 0.160284 0.586731
vt 0.178871 0.597125
vt 0.160239 0.536040
vt 0.209146 0.648318
vt 0.204250 0.551505
vt 0.174362 0.745321
vt 0.160329 0.716581
vt 0.160374 0.767272
vt 0.176662 0.708800
vt 0.204646 0.705777
vt 0.188415 0.748726
vt 0.195339 0.715190
vt 0.209604 0.806575
vt 0.170732 0.944954
vt 0.190774 0.945170
vt 0.187363 0.908350
vt 0.172888 0.971242
vt 0.273171 0.975535
vt 0.252586 0.971242
vt 0.266667 0.944954
vt 0.209756 0.859327
vt 0.246624 0.939981
vt 0.260569 0.917771
vt 0.271951 0.871560
vt 0.263415 0.859327
vt 0.259485 0.889229
vt 0.269512 0.902141
vt 0.171472 0.229493
vt 0.180583 0.190657
vt 0.193916 0.064850
vt 0.166870 0.172783
vt 0.160013 0.203425
vt 0.155456 0.197406
vt 0.160013 0.124266
vt 0.177638 0.048673
vt 0.198451 0.071823
vt 0.209756 0.921786
vt 0.200371 0.879807
vt 0.191834 0.968771
vt 0.209756 0.953109
vt 0.227642 0.979180
vt 0.227678 0.968771
vt 0.221680 0.895777
vt 0.245528 0.906218
vt 0.239566 0.874958
vt 0.227654 0.932258
vt 0.170917 0.900128
vt 0.159164 0.939204
vt 0.155727 0.896874
vt 0.160419 0.897122
vt 0.167480 0.857798
vt 0.181600 0.858309
vt 0.160419 0.817963
vt 0.167276 0.629460
vt 0.155637 0.663718
vt 0.160284 0.665890
vt 0.195159 0.617654
vt 0.195068 0.568887
vt 0.195249 0.666422
vt 0.178961 0.672279
vt 0.181261 0.635758
vt 0.174091 0.519859
vt 0.188008 0.529052
vt 0.176368 0.484309
vt 0.194865 0.498410
vt 0.155546 0.430562
vt 0.187602 0.309378
vt 0.198970 0.286679
vt 0.194594 0.352107
vt 0.160149 0.355498
vt 0.178555 0.373604
vt 0.176188 0.334001
vt 0.018367 0.683743
vt 0.040955 0.671254
vt 0.029634 0.634523
vt 0.027541 0.725280
vt 0.000000 0.975535
vt 0.004878 0.996942
vt 0.023700 0.969316
vt 0.000305 0.735474
vt 0.004761 0.842424
vt 0.128049 0.134557
vt 0.118157 0.081889
vt 0.107995 0.104315
vt 0.132927 0.113150
vt 0.000610 0.495413
vt 0.004919 0.625129
vt 0.091667 0.124193
vt 0.102507 0.075603
vt 0.085976 0.094292
vt 0.000915 0.255352
vt 0.005325 0.365696
vt 0.064499 0.096160
vt 0.046545 0.050459
vt 0.047299 0.111395
vt 0.067141 0.049779
vt 0.001220 0.015290
vt 0.005517 0.122580
vt 0.034968 0.081494
vt 0.026762 0.035848
vt 0.009756 0.003058
vt 0.013207 0.055472
vt 0.116531 0.022426
vt 0.125813 0.063031
vt 0.132927 0.027523
vt 0.111585 0.048420
vt 0.068902 0.004587
vt 0.041734 0.019368
vt 0.128049 0.006116
vt 0.109959 0.012742
vt 0.110569 0.482841
vt 0.119106 0.506626
vt 0.119377 0.460415
vt 0.111789 0.527693
vt 0.030312 0.356982
vt 0.034919 0.403012
vt 0.046226 0.383233
vt 0.021240 0.391947
vt 0.061280 0.214067
vt 0.060976 0.143731
vt 0.045503 0.170519
vt 0.094512 0.139144
vt 0.102507 0.051818
vt 0.109959 0.084098
vt 0.054573 0.218654
vt 0.041159 0.227829
vt 0.027879 0.268264
vt 0.048103 0.277948
vt 0.018796 0.220153
vt 0.061585 0.284404
vt 0.041565 0.321611
vt 0.018977 0.307762
vt 0.061890 0.354740
vt 0.055115 0.343697
vt 0.018604 0.518382
vt 0.009465 0.568078
vt 0.018740 0.472443
vt 0.062195 0.425076
vt 0.092412 0.547401
vt 0.118293 0.559633
vt 0.089634 0.562691
vt 0.124390 0.535168
vt 0.124390 0.449541
vt 0.114634 0.425076
vt 0.060976 0.565749
vt 0.079404 0.518179
vt 0.060501 0.511043
vt 0.061890 0.785933
vt 0.061585 0.712538
vt 0.055047 0.780326
vt 0.061280 0.639144
vt 0.045345 0.608272
vt 0.060908 0.464152
vt 0.079268 0.471967
vt 0.034105 0.587813
vt 0.045447 0.549659
vt 0.029770 0.549182
vt 0.013943 0.564321
vt 0.020630 0.598879
vt 0.041362 0.769113
vt 0.047967 0.717635
vt 0.046068 0.828690
vt 0.029996 0.814335
vt 0.034648 0.857630
vt 0.054505 0.649847
vt 0.018548 0.773617
vt 0.013977 0.816263
vt 0.033623 0.922878
vt 0.022358 0.943935
vt 0.043863 0.967070
vt 0.023627 0.899336
vt 0.103672 0.958443
vt 0.121003 0.926266
vt 0.104472 0.907238
vt 0.119241 0.954468
vt 0.062195 0.859327
vt 0.095122 0.860856
vt 0.076558 0.895891
vt 0.134146 0.883792
vt 0.120325 0.895005
vt 0.128455 0.915392
vt 0.128049 0.862385
vt 0.098238 0.876317
vt 0.123171 1.000000
vt 0.132927 0.984710
vt 0.130081 0.956167
vt 0.053284 0.879355
vt 0.070474 0.988345
vt 0.012078 0.938638
vt 0.020833 0.856779
vt 0.009284 0.896081
vt 0.013875 0.896443
vt 0.047173 0.915269
vt 0.088279 0.037207
vt 0.013841 0.644502
vt 0.014451 0.346324
vt 0.009803 0.422747
vt 0.014349 0.426505
vt 0.041260 0.495413
vt 0.030176 0.441643
vt 0.046125 0.441167
vt 0.034376 0.139997
vt 0.024259 0.097040
vt 0.023984 0.054026
vt 0.021037 0.138124
vt 0.009883 0.176576
vt 0.014316 0.177278
vt 0.014418 0.097098
vt 0.029950 0.181701
vt 0.097967 0.516820
vt 0.097290 0.471288
vt 0.085366 0.440707
vt 0.083617 0.932145
vt 0.063007 0.921107
vt 0.063415 0.952090
vt 0.044038 0.977368
vt 0.083373 0.968092
g Default
usemtl Default
f 1/1 2/2 3/3
f 2/2 1/1 4/4
f 5/5 6/6 7/7
f 8/8 5/5 9/9
f 10/10 11/11 12/12
f 11/11 10/10 13/13
f 14/14 8/8 15/15
f 12/12 16/16 10/10
f 16/16 12/12 17/17
f 18/18 14/14 19/19
f 20/20 21/21 22/22
f 21/21 20/20 23/23
f 22/22 18/18 24/24
f 25/25 26/26 27/27
f 26/26 25/25 28/28
f 16/16 27/27 29/29
f 27/27 16/16 17/17
f 30/30 21/21 31/31
f 32/32 30/30 25/25
f 33/33 34/34 35/35
f 34/34 33/33 36/36
f 37/37 32/32 27/27
f 38/38 39/39 36/36
f 39/39 38/38 40/40
f 12/12 37/37 17/17
f 13/13 41/41 11/11
f 41/41 13/13 38/38
f 42/42 12/12 11/11
f 43/43 44/44 41/41
f 44/44 43/43 45/45
f 44/44 42/42 11/11
f 46/46 47/47 48/48
f 47/47 46/46 49/49
f 50/50 51/51 52/52
f 51/51 50/50 53/53
f 54/54 45/45 55/55
f 56/56 50/50 57/57
f 50/50 56/56 58/58
f 59/59 54/54 58/58
f 60/60 57/57 61/61
f 57/57 60/60 62/62
f 63/63 59/59 58/58
f 64/64 65/65 66/66
f 65/65 64/64 61/61
f 62/62 63/63 56/56
f 67/67 60/60 68/68
f 69/69 66/66 70/70
f 66/66 69/69 71/71
f 72/72 73/73 74/74
f 75/75 76/76 77/77
f 76/76 75/75 78/78
f 77/77 67/67 68/68
f 79/79 80/80 74/74
f 80/80 79/79 81/81
f 82/82 77/77 76/76
f 83/83 78/78 84/84
f 78/78 83/83 76/76
f 83/83 82/82 76/76
f 84/84 85/85 83/83
f 85/85 84/84 86/86
f 87/87 88/88 89/89
f 88/88 87/87 90/90
f 87/87 85/85 86/86
f 91/91 92/92 93/93
f 92/92 91/91 94/94
f 95/95 96/96 94/94
f 96/96 95/95 97/97
f 96/96 89/89 94/94
f 98/98 99/99 97/97
f 99/99 98/98 100/100
f 100/100 101/101 102/102
f 101/101 100/100 103/103
f 104/104 105/105 106/106
f 105/105 104/104 107/107
f 108/108 99/99 102/102
f 109/109 110/110 111/111
f 110/110 109/109 107/107
f 106/106 108/108 104/104
f 112/112 104/104 113/113
f 104/104 112/112 107/107
f 94/94 89/89 88/88
f 114/114 105/105 115/115
f 116/116 114/114 117/117
f 75/75 81/81 78/78
f 81/81 75/75 118/118
f 73/73 116/116 119/119
f 120/120 118/118 68/68
f 118/118 120/120 121/121
f 122/122 123/123 72/72
f 123/123 122/122 121/121
f 124/124 125/125 126/126
f 125/125 124/124 127/127
f 128/128 72/72 129/129
f 130/130 131/131 132/132
f 131/131 130/130 4/4
f 133/133 128/128 134/134
f 135/135 136/136 137/137
f 136/136 135/135 138/138
f 139/139 133/133 140/140
f 138/138 139/139 141/141
f 142/142 143/143 144/144
f 145/145 146/146 147/147
f 146/146 145/145 148/148
f 130/130 132/132 137/137
f 149/149 137/137 132/132
f 150/150 151/151 149/149
f 151/151 150/150 152/152
f 153/153 154/154 155/155
f 154/154 153/153 156/156
f 157/157 158/158 152/152
f 158/158 157/157 159/159
f 160/160 151/151 152/152
f 161/161 124/124 128/128
f 124/124 161/161 127/127
f 162/162 160/160 163/163
f 164/164 165/165 161/161
f 165/165 164/164 166/166
f 69/69 162/162 167/167
f 168/168 66/66 65/65
f 66/66 168/168 70/70
f 169/169 170/170 166/166
f 170/170 169/169 171/171
f 172/172 173/173 174/174
f 173/173 172/172 175/175
f 61/61 176/176 177/177
f 176/176 61/61 57/57
f 178/178 176/176 175/175
f 177/177 168/168 65/65
f 176/176 57/57 52/52
f 174/174 179/179 172/172
f 179/179 174/174 180/180
f 63/63 58/58 56/56
f 173/173 175/175 176/176
f 181/181 178/178 175/175
f 181/181 182/182 183/183
f 182/182 181/181 175/175
f 184/184 181/181 183/183
f 185/185 183/183 186/186
f 183/183 185/185 184/184
f 187/187 188/188 189/189
f 188/188 187/187 190/190
f 190/190 185/185 188/188
f 191/191 190/190 187/187
f 192/192 154/154 193/193
f 154/154 192/192 155/155
f 193/193 191/191 192/192
f 194/194 155/155 195/195
f 155/155 194/194 153/153
f 196/196 193/193 154/154
f 197/197 153/153 194/194
f 153/153 197/197 156/156
f 198/198 196/196 199/199
f 200/200 156/156 197/197
f 156/156 200/200 148/148
f 201/201 198/198 202/202
f 203/203 204/204 7/7
f 204/204 203/203 146/146
f 205/205 201/201 206/206
f 203/203 207/207 208/208
f 207/207 203/203 7/7
f 143/143 205/205 209/209
f 142/142 144/144 210/210
f 6/6 142/142 211/211
f 149/149 131/131 150/150
f 131/131 149/149 132/132
f 212/212 139/139 140/140
f 139/139 212/212 141/141
f 213/213 214/214 131/131
f 214/214 213/213 126/126
f 131/131 214/214 150/150
f 213/213 131/131 4/4
f 124/124 215/215 128/128
f 215/215 124/124 126/126
f 152/152 158/158 160/160
f 159/159 214/214 126/126
f 214/214 159/159 157/157
f 213/213 215/215 126/126
f 215/215 213/213 216/216
f 1/1 217/217 134/134
f 217/217 1/1 218/218
f 215/215 134/134 128/128
f 134/134 215/215 216/216
f 141/141 3/3 219/219
f 3/3 141/141 212/212
f 4/4 130/130 2/2
f 219/219 138/138 141/141
f 138/138 219/219 136/136
f 1/1 134/134 216/216
f 1/1 3/3 218/218
f 217/217 140/140 133/133
f 140/140 217/217 218/218
f 211/211 142/142 210/210
f 7/7 6/6 211/211
f 9/9 200/200 220/220
f 200/200 9/9 221/221
f 199/199 145/145 202/202
f 145/145 199/199 148/148
f 8/8 197/197 194/194
f 197/197 8/8 220/220
f 204/204 9/9 5/5
f 9/9 204/204 221/221
f 209/209 147/147 222/222
f 147/147 209/209 206/206
f 200/200 197/197 220/220
f 199/199 202/202 198/198
f 199/199 196/196 154/154
f 223/223 47/47 49/49
f 47/47 223/223 224/224
f 54/54 55/55 53/53
f 35/35 34/34 18/18
f 225/225 33/33 49/49
f 33/33 225/225 36/36
f 176/176 52/52 48/48
f 53/53 58/58 54/54
f 58/58 53/53 50/50
f 36/36 225/225 226/226
f 226/226 51/51 55/55
f 51/51 226/226 225/225
f 226/226 55/55 43/43
f 48/48 47/47 227/227
f 228/228 14/14 180/180
f 14/14 228/228 229/229
f 48/48 173/173 176/176
f 173/173 48/48 227/227
f 224/224 230/230 229/229
f 230/230 224/224 19/19
f 35/35 49/49 33/33
f 49/49 35/35 223/223
f 19/19 35/35 18/18
f 35/35 19/19 223/223
f 227/227 229/229 228/228
f 229/229 227/227 224/224
f 19/19 224/224 223/223
f 14/14 229/229 230/230
f 231/231 172/172 179/179
f 172/172 231/231 232/232
f 14/14 179/179 180/180
f 179/179 14/14 233/233
f 233/233 231/231 179/179
f 231/231 233/233 15/15
f 234/234 186/186 232/232
f 186/186 234/234 189/189
f 235/235 231/231 15/15
f 231/231 235/235 232/232
f 236/236 15/15 8/8
f 15/15 236/236 235/235
f 183/183 182/182 186/186
f 34/34 237/237 18/18
f 237/237 34/34 39/39
f 40/40 16/16 238/238
f 16/16 40/40 10/10
f 40/40 238/238 39/39
f 11/11 41/41 44/44
f 40/40 38/38 13/13
f 238/238 16/16 29/29
f 27/27 17/17 37/37
f 26/26 29/29 27/27
f 29/29 26/26 239/239
f 238/238 237/237 39/39
f 237/237 238/238 240/240
f 239/239 241/241 24/24
f 241/241 239/239 242/242
f 237/237 24/24 18/18
f 24/24 237/237 240/240
f 243/243 244/244 28/28
f 244/244 243/243 23/23
f 32/32 25/25 27/27
f 239/239 24/24 240/240
f 244/244 239/239 26/26
f 239/239 244/244 242/242
f 241/241 20/20 22/22
f 20/20 241/241 242/242
f 21/21 243/243 31/31
f 243/243 21/21 23/23
f 26/26 28/28 244/244
f 31/31 243/243 28/28
f 30/30 31/31 25/25
f 52/52 51/51 46/46
f 52/52 46/46 48/48
f 104/104 108/108 113/113
f 102/102 113/113 108/108
f 113/113 102/102 245/245
f 117/117 114/114 115/115
f 102/102 101/101 245/245
f 99/99 100/100 102/102
f 91/91 246/246 103/103
f 246/246 91/91 93/93
f 245/245 110/110 112/112
f 110/110 245/245 247/247
f 247/247 245/245 101/101
f 247/247 248/248 117/117
f 248/248 247/247 101/101
f 234/234 195/195 189/189
f 195/195 234/234 236/236
f 185/185 186/186 188/188
f 232/232 182/182 172/172
f 182/182 232/232 186/186
f 191/191 187/187 249/249
f 236/236 234/234 235/235
f 194/194 236/236 8/8
f 236/236 194/194 195/195
f 191/191 249/249 192/192
f 195/195 249/249 189/189
f 249/249 195/195 155/155
f 250/250 90/90 251/251
f 90/90 250/250 88/88
f 90/90 87/87 86/86
f 252/252 86/86 84/84
f 86/86 252/252 90/90
f 120/120 68/68 60/60
f 251/251 90/90 252/252
f 84/84 253/253 252/252
f 253/253 84/84 78/78
f 251/251 254/254 250/250
f 254/254 251/251 255/255
f 256/256 123/123 121/121
f 123/123 256/256 257/257
f 169/169 60/60 171/171
f 60/60 169/169 120/120
f 69/69 167/167 71/71
f 129/129 258/258 164/164
f 258/258 129/129 259/259
f 258/258 256/256 166/166
f 256/256 258/258 260/260
f 129/129 161/161 128/128
f 161/161 129/129 164/164
f 72/72 260/260 259/259
f 260/260 72/72 257/257
f 256/256 260/260 257/257
f 260/260 258/258 259/259
f 161/161 165/165 127/127
f 163/163 160/160 158/158
f 126/126 125/125 159/159
f 64/64 261/261 171/171
f 261/261 64/64 71/71
f 262/262 127/127 165/165
f 127/127 262/262 125/125
f 169/169 166/166 256/256
f 262/262 170/170 261/261
f 170/170 262/262 165/165
f 263/263 167/167 163/163
f 167/167 263/263 261/261
f 125/125 262/262 263/263
f 80/80 122/122 264/264
f 122/122 80/80 118/118
f 122/122 72/72 264/264
f 253/253 78/78 81/81
f 253/253 255/255 251/251
f 255/255 253/253 79/79
f 118/118 80/80 81/81
f 255/255 74/74 73/73
f 74/74 255/255 79/79
f 122/122 118/118 121/121
f 75/75 77/77 68/68
f 68/68 118/118 75/75
f 248/248 101/101 265/265
f 246/246 266/266 119/119
f 266/266 246/246 93/93
f 248/248 119/119 116/116
f 119/119 248/248 265/265
f 254/254 93/93 92/92
f 93/93 254/254 73/73
f 95/95 103/103 100/100
f 103/103 95/95 91/91
f 95/95 98/98 97/97
f 98/98 95/95 100/100
f 246/246 265/265 103/103
f 265/265 246/246 119/119
f 93/93 73/73 266/266
f 105/105 109/109 115/115
f 109/109 105/105 107/107
f 111/111 115/115 109/109
f 115/115 111/111 117/117
f 111/111 247/247 117/117
f 247/247 111/111 110/110
f 171/171 261/261 170/170
f 64/64 171/171 61/61
f 219/219 2/2 130/130
f 2/2 219/219 3/3
f 143/143 209/209 144/144
f 211/211 210/210 207/207
f 146/146 203/203 147/147
f 201/201 145/145 206/206
f 145/145 201/201 202/202
f 148/148 199/199 156/156
f 206/206 145/145 147/147
f 204/204 146/146 221/221
f 211/211 207/207 7/7
f 205/205 206/206 209/209
f 208/208 147/147 203/203
f 147/147 208/208 222/222
f 222/222 208/208 144/144
f 216/216 4/4 1/1
f 4/4 216/216 213/213
f 8/8 9/9 220/220
f 36/36 39/39 34/34
f 36/36 226/226 41/41
f 38/38 36/36 41/41
f 14/14 15/15 233/233
f 19/19 14/14 230/230
f 242/242 23/23 20/20
f 23/23 242/242 244/244
f 22/22 24/24 241/241
f 239/239 240/240 29/29
f 29/29 240/240 238/238
f 41/41 226/226 43/43
f 112/112 113/113 245/245
f 45/45 43/43 55/55
f 49/49 46/46 225/225
f 227/227 47/47 224/224
f 55/55 51/51 53/53
f 60/60 61/61 171/171
f 61/61 177/177 65/65
f 57/57 50/50 52/52
f 57/57 62/62 56/56
f 167/167 261/261 71/71
f 71/71 64/64 66/66
f 72/72 74/74 264/264
f 264/264 74/74 80/80
f 88/88 250/250 94/94
f 94/94 91/91 95/95
f 103/103 265/265 101/101
f 107/107 112/112 110/110
f 92/92 94/94 250/250
f 250/250 254/254 92/92
f 73/73 119/119 266/266
f 256/256 121/121 120/120
f 256/256 120/120 169/169
f 257/257 72/72 123/123
f 158/158 125/125 263/263
f 125/125 158/158 159/159
f 158/158 263/263 163/163
f 129/129 72/72 259/259
f 130/130 137/137 136/136
f 130/130 136/136 219/219
f 133/133 134/134 217/217
f 140/140 218/218 212/212
f 210/210 144/144 208/208
f 222/222 144/144 209/209
f 210/210 208/208 207/207
f 155/155 192/192 249/249
f 157/157 150/150 214/214
f 150/150 157/157 152/152
f 162/162 163/163 167/167
f 166/166 170/170 165/165
f 166/166 164/164 258/258
f 175/175 172/172 182/182
f 227/227 180/180 174/174
f 180/180 227/227 228/228
f 227/227 174/174 173/173
f 232/232 235/235 234/234
f 189/189 249/249 187/187
f 186/186 189/189 188/188
f 154/154 156/156 199/199
f 5/5 7/7 204/204
f 212/212 218/218 3/3
f 221/221 148/148 200/200
f 148/148 221/221 146/146
f 225/225 46/46 51/51
f 13/13 10/10 40/40
f 25/25 31/31 28/28
f 116/116 117/117 248/248
f 253/253 251/251 252/252
f 81/81 79/79 253/253
f 255/255 73/73 254/254
f 261/261 263/263 262/262
f 267/267 268/268 269/269
f 268/268 267/267 270/270
f 271/271 272/272 273/273
f 269/269 274/274 267/267
f 274/274 269/269 275/275
f 268/268 271/271 269/269
f 276/276 277/277 278/278
f 277/277 276/276 279/279
f 280/280 268/268 270/270
f 281/281 280/280 282/282
f 283/283 284/284 285/285
f 284/284 283/283 286/286
f 287/287 281/281 288/288
f 289/289 290/290 291/291
f 290/290 289/289 292/292
f 293/293 287/287 294/294
f 295/295 296/296 293/293
f 296/296 295/295 297/297
f 285/285 298/298 299/299
f 298/298 285/285 284/284
f 300/300 296/296 291/291
f 285/285 299/299 301/301
f 302/302 300/300 303/303
f 304/304 302/302 305/305
f 306/306 307/307 308/308
f 307/307 306/306 309/309
f 310/310 304/304 298/298
f 311/311 312/312 313/313
f 312/312 311/311 314/314
f 315/315 310/310 286/286
f 314/314 316/316 312/312
f 316/316 314/314 317/317
f 318/318 315/315 319/319
f 320/320 321/321 322/322
f 321/321 320/320 323/323
f 324/324 318/318 325/325
f 326/326 327/327 328/328
f 327/327 326/326 329/329
f 330/330 324/324 331/331
f 332/332 333/333 334/334
f 333/333 332/332 326/326
f 335/335 330/330 336/336
f 336/336 337/337 338/338
f 337/337 336/336 330/330
f 339/339 335/335 340/340
f 272/272 339/339 341/341
f 274/274 342/342 267/267
f 342/342 274/274 343/343
f 344/344 345/345 346/346
f 345/345 344/344 347/347
f 348/348 349/349 350/350
f 349/349 348/348 351/351
f 327/327 272/272 341/341
f 272/272 327/327 273/273
f 352/352 274/274 275/275
f 274/274 352/352 343/343
f 275/275 271/271 273/273
f 271/271 275/275 269/269
f 352/352 275/275 329/329
f 352/352 334/334 343/343
f 334/334 352/352 332/332
f 353/353 280/280 270/270
f 280/280 353/353 354/354
f 342/342 355/355 356/356
f 355/355 342/342 343/343
f 357/357 358/358 349/349
f 358/358 357/357 356/356
f 353/353 356/356 359/359
f 356/356 353/353 342/342
f 356/356 357/357 359/359
f 282/282 323/323 281/281
f 323/323 282/282 360/360
f 359/359 357/357 354/354
f 354/354 353/353 359/359
f 357/357 360/360 282/282
f 360/360 357/357 349/349
f 355/355 334/334 361/361
f 334/334 355/355 343/343
f 279/279 362/362 363/363
f 362/362 279/279 276/276
f 364/364 365/365 366/366
f 365/365 364/364 367/367
f 283/283 368/368 286/286
f 368/368 283/283 309/309
f 369/369 370/370 371/371
f 370/370 369/369 372/372
f 301/301 373/373 374/374
f 373/373 301/301 375/375
f 283/283 285/285 376/376
f 304/304 305/305 299/299
f 377/377 378/378 379/379
f 378/378 377/377 380/380
f 381/381 314/314 287/287
f 314/314 381/381 317/317
f 381/381 382/382 317/317
f 382/382 381/381 288/288
f 383/383 384/384 385/385
f 384/384 383/383 386/386
f 386/386 382/382 288/288
f 382/382 386/386 387/387
f 281/281 386/386 288/288
f 386/386 281/281 384/384
f 382/382 387/387 388/388
f 389/389 390/390 391/391
f 390/390 389/389 392/392
f 382/382 316/316 317/317
f 316/316 382/382 388/388
f 393/393 394/394 289/289
f 394/394 393/393 395/395
f 396/396 397/397 398/398
f 397/397 396/396 399/399
f 301/301 374/374 285/285
f 289/289 291/291 297/297
f 292/292 394/394 400/400
f 394/394 292/292 289/289
f 291/291 290/290 300/300
f 401/401 402/402 370/370
f 402/402 401/401 395/395
f 403/403 404/404 293/293
f 404/404 403/403 371/371
f 403/403 369/369 371/371
f 369/369 403/403 294/294
f 311/311 287/287 314/314
f 287/287 311/311 405/405
f 406/406 369/369 294/294
f 369/369 406/406 407/407
f 287/287 406/406 294/294
f 406/406 287/287 408/408
f 409/409 410/410 411/411
f 410/410 409/409 412/412
f 369/369 407/407 372/372
f 413/413 414/414 415/415
f 414/414 413/413 416/416
f 290/290 417/417 300/300
f 417/417 290/290 418/418
f 419/419 400/400 420/420
f 400/400 419/419 292/292
f 421/421 417/417 418/418
f 417/417 421/421 303/303
f 419/419 421/421 418/418
f 421/421 419/419 396/396
f 419/419 420/420 396/396
f 422/422 423/423 375/375
f 423/423 422/422 398/398
f 424/424 421/421 398/398
f 421/421 424/424 303/303
f 396/396 398/398 421/421
f 303/303 425/425 302/302
f 425/425 303/303 424/424
f 393/393 404/404 402/402
f 404/404 393/393 295/295
f 393/393 289/289 297/297
f 404/404 295/295 293/293
f 409/409 307/307 426/426
f 307/307 409/409 411/411
f 396/396 420/420 399/399
f 285/285 374/374 376/376
f 422/422 425/425 424/424
f 425/425 422/422 427/427
f 301/301 299/299 427/427
f 425/425 305/305 302/302
f 305/305 425/425 427/427
f 286/286 368/368 315/315
f 428/428 391/391 319/319
f 391/391 428/428 389/389
f 368/368 319/319 315/315
f 319/319 368/368 429/429
f 430/430 429/429 306/306
f 429/429 430/430 428/428
f 308/308 431/431 430/430
f 431/431 308/308 432/432
f 433/433 434/434 413/413
f 434/434 433/433 390/390
f 429/429 428/428 319/319
f 392/392 428/428 435/435
f 428/428 392/392 389/389
f 391/391 390/390 318/318
f 430/430 431/431 435/435
f 308/308 430/430 306/306
f 436/436 423/423 397/397
f 423/423 436/436 373/373
f 379/379 437/437 433/433
f 437/437 379/379 378/378
f 316/316 438/438 312/312
f 438/438 316/316 388/388
f 439/439 440/440 441/441
f 440/440 439/439 380/380
f 433/433 413/413 379/379
f 442/442 435/435 431/431
f 435/435 442/442 392/392
f 414/414 442/442 443/443
f 442/442 414/414 416/416
f 444/444 445/445 446/446
f 445/445 444/444 447/447
f 387/387 386/386 383/383
f 322/322 321/321 448/448
f 449/449 450/450 451/451
f 452/452 388/388 387/387
f 388/388 452/452 438/438
f 385/385 451/451 383/383
f 451/451 385/385 322/322
f 383/383 451/451 450/450
f 320/320 384/384 281/281
f 384/384 320/320 385/385
f 453/453 378/378 380/380
f 378/378 453/453 454/454
f 324/324 455/455 456/456
f 455/455 324/324 325/325
f 453/453 457/457 454/454
f 457/457 453/453 325/325
f 437/437 378/378 454/454
f 453/453 455/455 325/325
f 455/455 453/453 439/439
f 437/437 457/457 318/318
f 457/457 437/437 454/454
f 439/439 453/453 380/380
f 377/377 379/379 458/458
f 459/459 460/460 440/440
f 461/461 344/344 462/462
f 344/344 461/461 463/463
f 334/334 333/333 362/362
f 464/464 333/333 326/326
f 333/333 464/464 363/363
f 444/444 446/446 465/465
f 331/331 337/337 330/330
f 337/337 331/331 466/466
f 467/467 468/468 465/465
f 468/468 467/467 331/331
f 467/467 466/466 331/331
f 466/466 467/467 469/469
f 444/444 468/468 324/324
f 468/468 444/444 465/465
f 446/446 467/467 465/465
f 467/467 446/446 470/470
f 463/463 471/471 347/347
f 471/471 463/463 472/472
f 466/466 469/469 461/461
f 340/340 473/473 339/339
f 473/473 340/340 474/474
f 363/363 464/464 475/475
f 335/335 476/476 340/340
f 476/476 335/335 336/336
f 477/477 478/478 479/479
f 478/478 477/477 341/341
f 328/328 477/477 464/464
f 477/477 328/328 341/341
f 327/327 341/341 328/328
f 473/473 478/478 339/339
f 478/478 473/473 479/479
f 477/477 480/480 475/475
f 480/480 477/477 479/479
f 477/477 475/475 464/464
f 481/481 480/480 482/482
f 480/480 481/481 483/483
f 474/474 476/476 484/484
f 476/476 474/474 340/340
f 462/462 344/344 484/484
f 480/480 483/483 475/475
f 485/485 344/344 346/346
f 344/344 485/485 484/484
f 482/482 485/485 481/481
f 485/485 482/482 474/474
f 473/473 474/474 482/482
f 484/484 476/476 338/338
f 448/448 486/486 487/487
f 486/486 448/448 321/321
f 472/472 488/488 471/471
f 488/488 472/472 489/489
f 351/351 323/323 360/360
f 323/323 351/351 321/321
f 486/486 321/321 351/351
f 320/320 322/322 385/385
f 348/348 487/487 486/486
f 350/350 349/349 358/358
f 481/481 490/490 483/483
f 490/490 481/481 346/346
f 469/469 472/472 463/463
f 472/472 469/469 470/470
f 485/485 474/474 484/484
f 462/462 484/484 338/338
f 344/344 463/463 347/347
f 469/469 463/463 461/461
f 426/426 374/374 373/373
f 374/374 426/426 307/307
f 308/308 307/307 411/411
f 376/376 309/309 283/283
f 309/309 376/376 307/307
f 398/398 397/397 423/423
f 423/423 373/373 375/375
f 398/398 422/422 424/424
f 491/491 370/370 372/372
f 370/370 491/491 401/401
f 395/395 492/492 400/400
f 492/492 395/395 401/401
f 402/402 395/395 393/393
f 379/379 413/413 458/458
f 493/493 494/494 364/364
f 494/494 493/493 408/408
f 312/312 438/438 495/495
f 439/439 456/456 455/455
f 456/456 439/439 496/496
f 496/496 460/460 497/497
f 460/460 496/496 441/441
f 456/456 496/496 447/447
f 446/446 489/489 470/470
f 489/489 446/446 445/445
f 498/498 496/496 497/497
f 496/496 498/498 447/447
f 499/499 498/498 500/500
f 498/498 499/499 445/445
f 313/313 312/312 501/501
f 502/502 503/503 504/504
f 503/503 502/502 313/313
f 494/494 408/408 405/405
f 313/313 494/494 405/405
f 494/494 313/313 502/502
f 416/416 413/413 434/434
f 493/493 406/406 408/408
f 406/406 493/493 407/407
f 493/493 364/364 366/366
f 392/392 442/442 434/434
f 407/407 505/505 372/372
f 505/505 407/407 366/366
f 342/342 270/270 267/267
f 270/270 342/342 353/353
f 329/329 273/273 327/327
f 273/273 329/329 275/275
f 334/334 276/276 361/361
f 276/276 334/334 362/362
f 363/363 362/362 333/333
f 282/282 280/280 354/354
f 286/286 310/310 284/284
f 284/284 310/310 298/298
f 287/287 288/288 381/381
f 418/418 292/292 419/419
f 292/292 418/418 290/290
f 293/293 294/294 403/403
f 296/296 297/297 291/291
f 393/393 297/297 295/295
f 298/298 304/304 299/299
f 427/427 299/299 305/305
f 303/303 300/300 417/417
f 429/429 309/309 306/306
f 309/309 429/429 368/368
f 311/311 313/313 405/405
f 318/318 319/319 391/391
f 281/281 323/323 320/320
f 325/325 318/318 457/457
f 329/329 326/326 332/332
f 326/326 328/328 464/464
f 331/331 324/324 468/468
f 329/329 332/332 352/352
f 336/336 338/338 476/476
f 338/338 337/337 462/462
f 337/337 466/466 462/462
f 341/341 339/339 478/478
f 506/506 507/507 483/483
f 507/507 506/506 279/279
f 346/346 481/481 485/485
f 346/346 345/345 508/508
f 347/347 471/471 509/509
f 351/351 360/360 349/349
f 351/351 348/348 486/486
f 358/358 355/355 361/361
f 355/355 358/358 356/356
f 282/282 354/354 357/357
f 358/358 361/361 350/350
f 361/361 276/276 278/278
f 483/483 490/490 506/506
f 279/279 363/363 507/507
f 475/475 507/507 363/363
f 507/507 475/475 483/483
f 371/371 370/370 402/402
f 427/427 375/375 301/301
f 375/375 427/427 422/422
f 307/307 376/376 374/374
f 440/440 380/380 377/377
f 460/460 441/441 440/440
f 496/496 439/439 441/441
f 383/383 450/450 387/387
f 387/387 450/450 452/452
f 392/392 434/434 390/390
f 318/318 390/390 433/433
f 395/395 400/400 394/394
f 510/510 412/412 409/409
f 412/412 510/510 511/511
f 510/510 426/426 436/436
f 426/426 510/510 409/409
f 436/436 397/397 511/511
f 436/436 426/426 373/373
f 371/371 402/402 404/404
f 287/287 405/405 408/408
f 366/366 407/407 493/493
f 501/501 312/312 495/495
f 377/377 459/459 440/440
f 459/459 377/377 458/458
f 420/420 400/400 492/492
f 411/411 432/432 308/308
f 432/432 411/411 410/410
f 399/399 420/420 512/512
f 410/410 443/443 432/432
f 435/435 428/428 430/430
f 431/431 432/432 443/443
f 372/372 505/505 491/491
f 318/318 433/433 437/437
f 436/436 511/511 510/510
f 415/415 459/459 458/458
f 513/513 514/514 495/495
f 495/495 438/438 513/513
f 513/513 438/438 452/452
f 458/458 413/413 415/415
f 431/431 443/443 442/442
f 434/434 442/442 416/416
f 515/515 494/494 502/502
f 494/494 515/515 364/364
f 324/324 447/447 444/444
f 447/447 324/324 456/456
f 445/445 447/447 498/498
f 448/448 449/449 322/322
f 322/322 449/449 451/451
f 452/452 450/450 513/513
f 466/466 461/461 462/462
f 460/460 500/500 497/497
f 467/467 470/470 469/469
f 347/347 509/509 345/345
f 472/472 470/470 489/489
f 479/479 482/482 480/480
f 482/482 479/479 473/473
f 488/488 489/489 516/516
f 489/489 445/445 517/517
f 500/500 498/498 497/497
f 489/489 517/517 516/516
f 517/517 445/445 499/499
f 350/350 361/361 278/278
f 348/348 350/350 277/277
f 505/505 518/518 491/491
f 518/518 505/505 365/365
f 401/401 491/491 519/519
f 401/401 519/519 492/492
f 420/420 492/492 512/512
f 313/313 501/501 503/503
f 501/501 495/495 514/514
f 501/501 514/514 503/503
f 515/515 502/502 504/504
f 364/364 515/515 367/367
f 491/491 518/518 519/519
f 505/505 366/366 365/365
f 490/490 346/346 508/508
f 511/511 397/397 399/399
f 512/512 511/511 399/399
f 492/492 519/519 520/520
f 504/504 503/503 514/514
f 490/490 508/508 506/506
f 345/345 509/509 508/508
f 512/512 492/492 520/520
f 520/520 519/519 518/518
f 277/277 350/350 278/278
f 367/367 518/518 365/365
f 367/367 515/515 504/504
f 471/471 488/488 509/509
f 516/516 517/517 499/499
f 521/521 522/522 523/523
f 524/524 525/525 526/526
f 525/525 524/524 527/527
f 528/528 521/521 529/529
f 530/530 528/528 531/531
f 532/532 533/533 534/534
f 533/533 532/532 535/535
f 536/536 530/530 537/537
f 538/538 539/539 540/540
f 539/539 538/538 541/541
f 542/542 536/536 543/543
f 544/544 545/545 546/546
f 545/545 544/544 547/547
f 548/548 542/542 549/549
f 550/550 551/551 552/552
f 551/551 550/550 553/553
f 554/554 548/548 555/555
f 544/544 556/556 549/549
f 556/556 544/544 546/546
f 551/551 554/554 552/552
f 557/557 558/558 559/559
f 558/558 557/557 560/560
f 535/535 553/553 561/561
f 562/562 563/563 564/564
f 563/563 562/562 565/565
f 566/566 535/535 567/567
f 568/568 569/569 570/570
f 569/569 568/568 530/530
f 571/571 566/566 572/572
f 573/573 574/574 575/575
f 574/574 573/573 576/576
f 577/577 571/571 573/573
f 529/529 521/521 578/578
f 522/522 577/577 579/579
f 521/521 523/523 578/578
f 523/523 522/522 579/579
f 580/580 526/526 525/525
f 526/526 580/580 569/569
f 581/581 582/582 574/574
f 582/582 581/581 579/579
f 583/583 573/573 571/571
f 573/573 583/583 576/576
f 584/584 574/574 527/527
f 574/574 584/584 581/581
f 584/584 585/585 529/529
f 585/585 584/584 527/527
f 586/586 523/523 581/581
f 523/523 586/586 578/578
f 574/574 576/576 527/527
f 575/575 579/579 577/577
f 579/579 575/575 582/582
f 585/585 527/527 524/524
f 526/526 587/587 531/531
f 587/587 526/526 569/569
f 585/585 531/531 528/528
f 531/531 585/585 524/524
f 568/568 588/588 589/589
f 588/588 568/568 570/570
f 583/583 525/525 576/576
f 525/525 583/583 580/580
f 580/580 590/590 570/570
f 590/590 580/580 583/583
f 526/526 531/531 524/524
f 569/569 580/580 570/570
f 569/569 530/530 587/587
f 586/586 584/584 529/529
f 584/584 586/586 581/581
f 591/591 592/592 534/534
f 592/592 591/591 593/593
f 532/532 594/594 595/595
f 594/594 532/532 534/534
f 554/554 596/596 552/552
f 596/596 554/554 555/555
f 591/591 533/533 597/597
f 533/533 591/591 534/534
f 533/533 535/535 598/598
f 598/598 597/597 533/533
f 597/597 598/598 561/561
f 599/599 600/600 597/597
f 600/600 599/599 547/547
f 597/597 561/561 599/599
f 601/601 561/561 553/553
f 561/561 601/601 599/599
f 532/532 602/602 535/535
f 602/602 532/532 595/595
f 592/592 603/603 594/594
f 603/603 592/592 542/542
f 557/557 540/540 539/539
f 540/540 557/557 559/559
f 595/595 603/603 604/604
f 603/603 595/595 594/594
f 603/603 542/542 605/605
f 605/605 604/604 603/603
f 604/604 605/605 543/543
f 595/595 604/604 541/541
f 604/604 543/543 606/606
f 607/607 543/543 536/536
f 543/543 607/607 606/606
f 560/560 608/608 609/609
f 608/608 560/560 536/536
f 608/608 536/536 610/610
f 537/537 611/611 610/610
f 611/611 537/537 612/612
f 589/589 613/613 565/565
f 613/613 589/589 614/614
f 611/611 608/608 610/610
f 608/608 611/611 615/615
f 616/616 537/537 530/530
f 537/537 616/616 612/612
f 615/615 611/611 562/562
f 615/615 617/617 609/609
f 617/617 615/615 564/564
f 608/608 615/615 609/609
f 541/541 602/602 595/595
f 602/602 541/541 538/538
f 540/540 618/618 567/567
f 618/618 540/540 559/559
f 602/602 567/567 535/535
f 567/567 602/602 538/538
f 609/609 617/617 558/558
f 607/607 539/539 606/606
f 539/539 607/607 557/557
f 560/560 557/557 607/607
f 540/540 567/567 538/538
f 566/566 559/559 617/617
f 559/559 566/566 618/618
f 596/596 546/546 619/619
f 546/546 596/596 555/555
f 601/601 547/547 599/599
f 547/547 601/601 545/545
f 545/545 601/601 550/550
f 546/546 545/545 619/619
f 556/556 555/555 548/548
f 555/555 556/556 546/546
f 591/591 600/600 593/593
f 600/600 591/591 597/597
f 544/544 549/549 620/620
f 593/593 549/549 542/542
f 549/549 593/593 620/620
f 593/593 600/600 620/620
f 552/552 619/619 550/550
f 619/619 552/552 596/596
f 564/564 572/572 566/566
f 572/572 564/564 563/563
f 562/562 564/564 615/615
f 613/613 621/621 572/572
f 621/621 613/613 614/614
f 590/590 614/614 588/588
f 614/614 590/590 571/571
f 616/616 565/565 612/612
f 565/565 616/616 589/589
f 568/568 616/616 530/530
f 616/616 568/568 589/589
f 613/613 572/572 563/563
f 614/614 589/589 588/588
f 614/614 571/571 621/621
f 527/527 576/576 525/525
f 530/530 531/531 587/587
f 534/534 592/592 594/594
f 536/536 537/537 610/610
f 606/606 541/541 604/604
f 541/541 606/606 539/539
f 542/542 543/543 605/605
f 620/620 547/547 544/544
f 547/547 620/620 600/600
f 548/548 549/549 556/556
f 545/545 550/550 619/619
f 553/553 550/550 601/601
f 558/558 560/560 609/609
f 559/559 558/558 617/617
f 535/535 561/561 598/598
f 563/563 565/565 613/613
f 612/612 565/565 562/562
f 612/612 562/562 611/611
f 566/566 567/567 618/618
f 570/570 590/590 588/588
f 571/571 572/572 621/621
f 577/577 573/573 575/575
f 582/582 575/575 574/574
f 529/529 578/578 586/586
f 528/528 529/529 585/585
f 523/523 579/579 581/581
f 583/583 571/571 590/590
f 593/593 542/542 592/592
f 607/607 536/536 560/560
f 564/564 566/566 617/617
f 622/622 623/623 624/624
f 623/623 622/622 625/625
f 626/626 627/627 628/628
f 629/629 630/630 631/631
f 630/630 629/629 632/632
f 633/633 626/626 634/634
f 622/622 633/633 635/635
f 636/636 637/637 638/638
f 637/637 636/636 639/639
f 629/629 631/631 640/640
f 641/641 624/624 642/642
f 643/643 644/644 641/641
f 644/644 643/643 645/645
f 632/632 641/641 646/646
f 647/647 648/648 649/649
f 648/648 647/647 650/650
f 651/651 626/626 628/628
f 626/626 651/651 634/634
f 652/652 653/653 654/654
f 653/653 652/652 655/655
f 628/628 656/656 657/657
f 656/656 628/628 627/627
f 658/658 636/636 638/638
f 659/659 660/660 661/661
f 660/660 659/659 662/662
f 661/661 660/660 656/656
f 663/663 664/664 665/665
f 664/664 663/663 666/666
f 667/667 668/668 669/669
f 670/670 671/671 672/672
f 671/671 670/670 673/673
f 674/674 675/675 676/676
f 675/675 674/674 677/677
f 678/678 679/679 680/680
f 681/681 682/682 683/683
f 682/682 681/681 684/684
f 685/685 678/678 686/686
f 687/687 685/685 688/688
f 689/689 688/688 690/690
f 688/688 689/689 687/687
f 691/691 687/687 689/689
f 692/692 691/691 693/693
f 694/694 692/692 695/695
f 696/696 697/697 698/698
f 697/697 696/696 699/699
f 681/681 694/694 684/684
f 700/700 701/701 702/702
f 701/701 700/700 703/703
f 704/704 681/681 683/683
f 705/705 706/706 707/707
f 706/706 705/705 708/708
f 709/709 704/704 710/710
f 697/697 699/699 711/711
f 712/712 709/709 713/713
f 714/714 712/712 715/715
f 716/716 717/717 718/718
f 717/717 716/716 706/706
f 719/719 714/714 720/720
f 721/721 719/719 722/722
f 723/723 724/724 680/680
f 724/724 723/723 725/725
f 726/726 721/721 700/700
f 727/727 728/728 729/729
f 730/730 731/731 732/732
f 731/731 730/730 733/733
f 734/734 726/726 735/735
f 736/736 720/720 737/737
f 720/720 736/736 738/738
f 676/676 734/734 674/674
f 736/736 739/739 740/740
f 739/739 736/736 741/741
f 686/686 688/688 685/685
f 688/688 686/686 742/742
f 699/699 676/676 675/675
f 743/743 744/744 745/745
f 744/744 743/743 746/746
f 747/747 748/748 743/743
f 748/748 747/747 749/749
f 750/750 751/751 745/745
f 752/752 753/753 713/713
f 753/753 752/752 754/754
f 755/755 754/754 752/752
f 754/754 755/755 756/756
f 757/757 758/758 759/759
f 760/760 754/754 756/756
f 754/754 760/760 753/753
f 761/761 762/762 763/763
f 762/762 761/761 764/764
f 765/765 766/766 767/767
f 768/768 769/769 762/762
f 769/769 768/768 770/770
f 771/771 765/765 768/768
f 772/772 773/773 774/774
f 773/773 772/772 775/775
f 776/776 777/777 778/778
f 777/777 776/776 774/774
f 758/758 771/771 779/779
f 780/780 746/746 748/748
f 746/746 780/780 781/781
f 747/747 757/757 782/782
f 757/757 747/747 751/751
f 783/783 784/784 693/693
f 784/784 783/783 785/785
f 750/750 786/786 787/787
f 786/786 750/750 788/788
f 789/789 750/750 787/787
f 678/678 790/790 686/686
f 790/790 678/678 791/791
f 792/792 789/789 793/793
f 794/794 793/793 795/795
f 793/793 794/794 792/792
f 728/728 792/792 796/796
f 797/797 798/798 799/799
f 798/798 797/797 800/800
f 801/801 802/802 803/803
f 802/802 801/801 723/723
f 804/804 727/727 805/805
f 806/806 807/807 803/803
f 807/807 806/806 808/808
f 653/653 804/804 809/809
f 810/810 811/811 812/812
f 811/811 810/810 813/813
f 814/814 653/653 815/815
f 816/816 667/667 817/817
f 667/667 816/816 818/818
f 663/663 814/814 666/666
f 819/819 810/810 820/820
f 810/810 819/819 821/821
f 822/822 663/663 665/665
f 627/627 822/822 823/823
f 640/640 631/631 824/824
f 646/646 641/641 644/644
f 825/825 826/826 625/625
f 826/826 825/825 645/645
f 630/630 827/827 631/631
f 827/827 630/630 644/644
f 828/828 648/648 829/829
f 648/648 828/828 662/662
f 829/829 651/651 828/828
f 651/651 829/829 634/634
f 658/658 830/830 831/831
f 830/830 658/658 832/832
f 827/827 824/824 631/631
f 824/824 827/827 833/833
f 636/636 834/834 639/639
f 647/647 649/649 835/835
f 634/634 836/836 633/633
f 836/836 634/634 829/829
f 828/828 651/651 657/657
f 837/837 838/838 839/839
f 838/838 837/837 635/635
f 840/840 825/825 841/841
f 825/825 840/840 842/842
f 635/635 625/625 622/622
f 625/625 635/635 841/841
f 839/839 836/836 650/650
f 836/836 839/839 838/838
f 635/635 837/837 841/841
f 836/836 838/838 633/633
f 650/650 837/837 839/839
f 837/837 650/650 647/647
f 639/639 843/843 835/835
f 843/843 639/639 844/844
f 837/837 647/647 840/840
f 645/645 825/825 842/842
f 642/642 643/643 641/641
f 643/643 642/642 826/826
f 623/623 642/642 624/624
f 642/642 623/623 826/826
f 649/649 662/662 832/832
f 662/662 649/649 648/648
f 658/658 638/638 832/832
f 649/649 832/832 637/637
f 662/662 828/828 660/660
f 832/832 638/638 637/637
f 662/662 659/659 832/832
f 819/819 820/820 845/845
f 846/846 820/820 847/847
f 820/820 846/846 848/848
f 846/846 831/831 848/848
f 831/831 846/846 668/668
f 672/672 849/849 664/664
f 849/849 672/672 813/813
f 665/665 821/821 822/822
f 821/821 665/665 849/849
f 849/849 665/665 664/664
f 813/813 821/821 849/849
f 821/821 813/813 810/810
f 669/669 846/846 850/850
f 846/846 669/669 668/668
f 830/830 851/851 848/848
f 851/851 830/830 659/659
f 847/847 820/820 810/810
f 667/667 669/669 852/852
f 817/817 667/667 852/852
f 672/672 664/664 853/853
f 854/854 814/814 815/815
f 814/814 854/854 666/666
f 855/855 698/698 697/697
f 711/711 675/675 677/677
f 675/675 711/711 699/699
f 856/856 857/857 677/677
f 857/857 856/856 858/858
f 674/674 734/734 735/735
f 799/799 796/796 859/859
f 796/796 799/799 728/728
f 678/678 680/680 791/791
f 680/680 679/679 860/860
f 704/704 861/861 710/710
f 861/861 704/704 683/683
f 862/862 758/758 779/779
f 758/758 862/862 759/759
f 779/779 771/771 764/764
f 776/776 683/683 682/682
f 683/683 776/776 861/861
f 778/778 863/863 864/864
f 863/863 778/778 777/777
f 861/861 776/776 778/778
f 686/686 790/790 742/742
f 730/730 865/865 866/866
f 865/865 730/730 795/795
f 867/867 742/742 868/868
f 742/742 867/867 688/688
f 869/869 870/870 867/867
f 870/870 869/869 786/786
f 689/689 871/871 691/691
f 871/871 689/689 690/690
f 690/690 872/872 871/871
f 872/872 690/690 870/870
f 750/750 745/745 788/788
f 693/693 781/781 692/692
f 781/781 693/693 873/873
f 871/871 872/872 785/785
f 693/693 784/784 873/873
f 871/871 783/783 691/691
f 783/783 871/871 785/785
f 872/872 784/784 785/785
f 784/784 872/872 874/874
f 786/786 788/788 874/874
f 875/875 873/873 784/784
f 873/873 875/875 744/744
f 787/787 876/876 789/789
f 876/876 787/787 869/869
f 867/867 870/870 690/690
f 867/867 868/868 869/869
f 877/877 878/878 879/879
f 878/878 877/877 695/695
f 759/759 862/862 773/773
f 695/695 880/880 694/694
f 880/880 695/695 881/881
f 780/780 878/878 692/692
f 878/878 780/780 879/879
f 882/882 877/877 749/749
f 877/877 882/882 775/775
f 695/695 877/877 881/881
f 749/749 877/877 879/879
f 759/759 773/773 883/883
f 722/722 719/719 738/738
f 707/707 884/884 766/766
f 884/884 707/707 716/716
f 703/703 721/721 722/722
f 721/721 703/703 700/700
f 716/716 740/740 739/739
f 740/740 716/716 718/718
f 766/766 884/884 767/767
f 708/708 885/885 706/706
f 885/885 708/708 856/856
f 772/772 880/880 881/881
f 880/880 772/772 886/886
f 776/776 886/886 774/774
f 886/886 776/776 682/682
f 694/694 880/880 684/684
f 885/885 856/856 887/887
f 677/677 888/888 887/887
f 888/888 677/677 674/674
f 889/889 726/726 890/890
f 726/726 889/889 735/735
f 718/718 703/703 891/891
f 703/703 718/718 701/701
f 702/702 892/892 893/893
f 892/892 702/702 885/885
f 717/717 702/702 701/701
f 702/702 717/717 885/885
f 717/717 706/706 885/885
f 885/885 887/887 892/892
f 889/889 892/892 888/888
f 892/892 889/889 893/893
f 893/893 889/889 890/890
f 864/864 863/863 761/761
f 894/894 709/709 710/710
f 709/709 894/894 713/713
f 861/861 778/778 895/895
f 760/760 712/712 753/753
f 712/712 760/760 715/715
f 896/896 761/761 763/763
f 761/761 896/896 864/864
f 771/771 768/768 762/762
f 752/752 713/713 897/897
f 713/713 894/894 897/897
f 896/896 894/894 895/895
f 894/894 896/896 897/897
f 770/770 765/765 767/767
f 765/765 770/770 768/768
f 755/755 752/752 769/769
f 763/763 897/897 896/896
f 897/897 763/763 752/752
f 760/760 756/756 898/898
f 736/736 740/740 891/891
f 737/737 720/720 714/714
f 741/741 737/737 898/898
f 737/737 741/741 736/736
f 736/736 891/891 738/738
f 737/737 714/714 715/715
f 899/899 900/900 901/901
f 900/900 899/899 801/801
f 680/680 860/860 723/723
f 860/860 679/679 802/802
f 804/804 805/805 901/901
f 801/801 725/725 723/723
f 725/725 801/801 899/899
f 902/902 805/805 798/798
f 805/805 902/902 899/899
f 799/799 729/729 728/728
f 729/729 799/799 798/798
f 805/805 899/899 901/901
f 727/727 729/729 805/805
f 798/798 800/800 902/902
f 794/794 796/796 792/792
f 796/796 794/794 859/859
f 902/902 903/903 725/725
f 903/903 902/902 800/800
f 795/795 732/732 794/794
f 732/732 795/795 730/730
f 876/876 793/793 789/789
f 793/793 876/876 795/795
f 868/868 876/876 869/869
f 876/876 868/868 865/865
f 770/770 755/755 769/769
f 755/755 770/770 904/904
f 904/904 884/884 739/739
f 884/884 904/904 767/767
f 756/756 741/741 898/898
f 741/741 756/756 904/904
f 875/875 784/784 874/874
f 745/745 875/875 788/788
f 875/875 745/745 744/744
f 782/782 882/882 749/749
f 882/882 782/782 883/883
f 751/751 743/743 745/745
f 743/743 751/751 747/747
f 743/743 748/748 746/746
f 781/781 780/780 692/692
f 744/744 781/781 873/873
f 781/781 744/744 746/746
f 761/761 863/863 764/764
f 763/763 762/762 769/769
f 883/883 775/775 882/882
f 775/775 883/883 773/773
f 862/862 863/863 777/777
f 863/863 862/862 764/764
f 772/772 774/774 886/886
f 866/866 905/905 733/733
f 905/905 866/866 790/790
f 865/865 795/795 876/876
f 790/790 868/868 742/742
f 868/868 790/790 866/866
f 901/901 906/906 804/804
f 906/906 901/901 907/907
f 901/901 900/900 907/907
f 908/908 906/906 907/907
f 906/906 908/908 809/809
f 900/900 908/908 907/907
f 908/908 900/900 909/909
f 802/802 723/723 860/860
f 910/910 911/911 655/655
f 911/911 910/910 912/912
f 913/913 908/908 909/909
f 908/908 913/913 654/654
f 654/654 653/653 809/809
f 908/908 654/654 809/809
f 654/654 913/913 652/652
f 912/912 914/914 911/911
f 914/914 912/912 815/815
f 854/854 670/670 853/853
f 670/670 854/854 915/915
f 854/854 815/815 915/915
f 916/916 917/917 918/918
f 917/917 916/916 919/919
f 912/912 915/915 815/815
f 915/915 912/912 673/673
f 655/655 914/914 653/653
f 914/914 655/655 911/911
f 920/920 921/921 918/918
f 921/921 920/920 922/922
f 673/673 912/912 923/923
f 912/912 910/910 923/923
f 810/810 812/812 847/847
f 852/852 669/669 850/850
f 819/819 823/823 822/822
f 823/823 819/819 845/845
f 661/661 851/851 659/659
f 851/851 661/661 845/845
f 823/823 656/656 627/627
f 656/656 823/823 661/661
f 924/924 840/840 647/647
f 840/840 924/924 842/842
f 842/842 925/925 833/833
f 925/925 842/842 924/924
f 827/827 644/644 833/833
f 671/671 922/922 811/811
f 922/922 671/671 921/921
f 672/672 671/671 813/813
f 921/921 673/673 923/923
f 673/673 921/921 671/671
f 916/916 923/923 910/910
f 923/923 916/916 918/918
f 807/807 909/909 803/803
f 909/909 807/807 913/913
f 625/625 841/841 825/825
f 625/625 826/826 623/623
f 628/628 657/657 651/651
f 644/644 630/630 646/646
f 630/630 632/632 646/646
f 635/635 633/633 838/838
f 826/826 645/645 643/643
f 645/645 842/842 833/833
f 644/644 645/645 833/833
f 829/829 650/650 836/836
f 650/650 829/829 648/648
f 926/926 655/655 652/652
f 655/655 926/926 910/910
f 926/926 652/652 913/913
f 661/661 823/823 845/845
f 657/657 656/656 660/660
f 657/657 660/660 828/828
f 853/853 666/666 854/854
f 666/666 853/853 664/664
f 915/915 673/673 670/670
f 853/853 670/670 672/672
f 886/886 684/684 880/880
f 684/684 886/886 682/682
f 693/693 691/691 783/783
f 869/869 787/787 786/786
f 786/786 874/874 870/870
f 695/695 692/692 878/878
f 718/718 891/891 740/740
f 701/701 718/718 717/717
f 711/711 677/677 857/857
f 855/855 697/697 927/927
f 890/890 702/702 893/893
f 702/702 890/890 700/700
f 890/890 726/726 700/700
f 895/895 710/710 861/861
f 710/710 895/895 894/894
f 712/712 713/713 753/753
f 898/898 715/715 760/760
f 715/715 898/898 737/737
f 738/738 719/719 720/720
f 738/738 891/891 722/722
f 722/722 891/891 703/703
f 803/803 909/909 801/801
f 802/802 679/679 806/806
f 928/928 926/926 913/913
f 926/926 928/928 929/929
f 729/729 798/798 805/805
f 730/730 866/866 733/733
f 794/794 732/732 859/859
f 724/724 903/903 905/905
f 903/903 724/724 725/725
f 888/888 735/735 889/889
f 735/735 888/888 674/674
f 741/741 904/904 739/739
f 716/716 739/739 884/884
f 749/749 879/879 748/748
f 749/749 747/747 782/782
f 748/748 879/879 780/780
f 904/904 756/756 755/755
f 764/764 771/771 762/762
f 767/767 904/904 770/770
f 881/881 775/775 772/772
f 775/775 881/881 877/877
f 774/774 773/773 777/777
f 777/777 773/773 862/862
f 764/764 862/862 779/779
f 690/690 688/688 867/867
f 905/905 790/790 791/791
f 791/791 680/680 724/724
f 799/799 859/859 797/797
f 809/809 804/804 906/906
f 813/813 671/671 811/811
f 811/811 817/817 812/812
f 817/817 811/811 922/922
f 815/815 653/653 914/914
f 822/822 821/821 819/819
f 824/824 833/833 925/925
f 832/832 659/659 830/830
f 831/831 830/830 848/848
f 840/840 841/841 837/837
f 924/924 647/647 843/843
f 924/924 930/930 925/925
f 930/930 924/924 843/843
f 843/843 647/647 835/835
f 844/844 639/639 834/834
f 848/848 851/851 820/820
f 845/845 820/820 851/851
f 850/850 846/846 847/847
f 847/847 812/812 850/850
f 850/850 817/817 852/852
f 817/817 850/850 812/812
f 705/705 707/707 766/766
f 706/706 716/716 707/707
f 927/927 858/858 855/855
f 858/858 927/927 857/857
f 711/711 857/857 697/697
f 899/899 902/902 725/725
f 903/903 733/733 905/905
f 733/733 903/903 731/731
f 731/731 903/903 800/800
f 732/732 797/797 859/859
f 797/797 732/732 800/800
f 895/895 778/778 864/864
f 866/866 865/865 868/868
f 870/870 874/874 872/872
f 874/874 788/788 875/875
f 759/759 883/883 757/757
f 883/883 782/782 757/757
f 705/705 858/858 708/708
f 677/677 887/887 856/856
f 856/856 708/708 858/858
f 888/888 892/892 887/887
f 895/895 864/864 896/896
f 769/769 752/752 763/763
f 801/801 909/909 900/900
f 791/791 724/724 905/905
f 910/910 926/926 916/916
f 918/918 917/917 920/920
f 916/916 926/926 931/931
f 923/923 918/918 921/921
f 922/922 920/920 816/816
f 816/816 920/920 818/818
f 929/929 919/919 931/931
f 916/916 931/931 919/919
f 931/931 926/926 929/929
f 928/928 913/913 807/807
f 835/835 649/649 637/637
f 808/808 929/929 928/928
f 928/928 807/807 808/808
f 930/930 843/843 844/844
f 835/835 637/637 639/639
f 817/817 922/922 816/816
f 917/917 818/818 920/920
f 806/806 803/803 802/802
f 925/925 930/930 824/824
f 834/834 930/930 844/844
f 857/857 927/927 697/697
f 800/800 732/732 731/731
f 932/932 933/933 934/934
f 935/935 936/936 937/937
f 936/936 935/935 938/938
f 939/939 932/932 940/940
f 941/941 939/939 938/938
f 942/942 943/943 944/944
f 943/943 942/942 945/945
f 946/946 941/941 947/947
f 948/948 949/949 950/950
f 949/949 948/948 951/951
f 952/952 953/953 954/954
f 953/953 952/952 955/955
f 956/956 946/946 957/957
f 958/958 959/959 960/960
f 959/959 958/958 961/961
f 962/962 956/956 963/963
f 960/960 964/964 965/965
f 964/964 960/960 959/959
f 966/966 962/962 967/967
f 968/968 966/966 969/969
f 969/969 966/966 970/970
f 958/958 968/968 961/961
f 952/952 954/954 971/971
f 953/953 972/972 954/954
f 972/972 953/953 973/973
f 971/971 965/965 952/952
f 974/974 949/949 953/953
f 949/949 974/974 950/950
f 975/975 951/951 976/976
f 951/951 975/975 973/973
f 977/977 978/978 956/956
f 978/978 977/977 944/944
f 975/975 972/972 973/973
f 979/979 980/980 981/981
f 980/980 979/979 982/982
f 983/983 984/984 985/985
f 984/984 983/983 986/986
f 987/987 988/988 989/989
f 988/988 976/976 945/945
f 990/990 987/987 989/989
f 987/987 990/990 991/991
f 992/992 989/989 988/988
f 989/989 992/992 985/985
f 993/993 994/994 995/995
f 994/994 993/993 996/996
f 993/993 997/997 998/998
f 997/997 993/993 999/999
f 1000/1000 991/991 999/999
f 1001/1001 994/994 1002/1002
f 994/994 1001/1001 1003/1003
f 995/995 1000/1000 993/993
f 1002/1002 1004/1004 1001/1001
f 1004/1004 1002/1002 1005/1005
f 1003/1003 995/995 994/994
f 1006/1006 1007/1007 1008/1008
f 1007/1007 1006/1006 1009/1009
f 1004/1004 1003/1003 1001/1001
f 1010/1010 1011/1011 1012/1012
f 1011/1011 1010/1010 1013/1013
f 1014/1014 1004/1004 1005/1005
f 1015/1015 1011/1011 1016/1016
f 1011/1011 1015/1015 1017/1017
f 1010/1010 1014/1014 1018/1018
f 1013/1013 1010/1010 1018/1018
f 991/991 997/997 999/999
f 997/997 991/991 990/990
f 1019/1019 1012/1012 1020/1020
f 1021/1021 1019/1019 1022/1022
f 1023/1023 1024/1024 1025/1025
f 1024/1024 1023/1023 1026/1026
f 1027/1027 1021/1021 1006/1006
f 1028/1028 1029/1029 947/947
f 1029/1029 1028/1028 1030/1030
f 1031/1031 1027/1027 1032/1032
f 979/979 1033/1033 1034/1034
f 1033/1033 979/979 981/981
f 1035/1035 1031/1031 1036/1036
f 1037/1037 1038/1038 935/935
f 1038/1038 1037/1037 1039/1039
f 1040/1040 1035/1035 1041/1041
f 1042/1042 934/934 933/933
f 934/934 1042/1042 937/937
f 1043/1043 1040/1040 1044/1044
f 939/939 940/940 936/936
f 933/933 1043/1043 1042/1042
f 1028/1028 1038/1038 1039/1039
f 1038/1038 1028/1028 941/941
f 1037/1037 1044/1044 1040/1040
f 1044/1044 1037/1037 937/937
f 1037/1037 1040/1040 1039/1039
f 935/935 937/937 1037/1037
f 939/939 936/936 938/938
f 985/985 992/992 983/983
f 997/997 1045/1045 1046/1046
f 1045/1045 997/997 990/990
f 985/985 984/984 1047/1047
f 1031/1031 984/984 986/986
f 984/984 1031/1031 1048/1048
f 1048/1048 1047/1047 984/984
f 1047/1047 1048/1048 1032/1032
f 1027/1027 1049/1049 1032/1032
f 1049/1049 1027/1027 1046/1046
f 1047/1047 1045/1045 985/985
f 1045/1045 1047/1047 1049/1049
f 1047/1047 1032/1032 1049/1049
f 1050/1050 1031/1031 986/986
f 1031/1031 1050/1050 1051/1051
f 942/942 992/992 988/988
f 992/992 942/942 1026/1026
f 944/944 1024/1024 1026/1026
f 1024/1024 944/944 977/977
f 1030/1030 1052/1052 1029/1029
f 1052/1052 1030/1030 1041/1041
f 1029/1029 946/946 947/947
f 946/946 1029/1029 981/981
f 941/941 1028/1028 947/947
f 1050/1050 1026/1026 1023/1023
f 1026/1026 1050/1050 986/986
f 1036/1036 1053/1053 1054/1054
f 1053/1053 1036/1036 1051/1051
f 1051/1051 1050/1050 1055/1055
f 1056/1056 1053/1053 1057/1057
f 1053/1053 1056/1056 1054/1054
f 1025/1025 1053/1053 1023/1023
f 1053/1053 1025/1025 1057/1057
f 1025/1025 1058/1058 1059/1059
f 1058/1058 1025/1025 1024/1024
f 1023/1023 1053/1053 1055/1055
f 1036/1036 1034/1034 1035/1035
f 1034/1034 1036/1036 1054/1054
f 1053/1053 1051/1051 1055/1055
f 955/955 1060/1060 974/974
f 1060/1060 955/955 1061/1061
f 1062/1062 952/952 965/965
f 952/952 1062/1062 955/955
f 1063/1063 1064/1064 1065/1065
f 1064/1064 1063/1063 1061/1061
f 951/951 973/973 949/949
f 1025/1025 1059/1059 1057/1057
f 957/957 1058/1058 956/956
f 1058/1058 957/957 1059/1059
f 957/957 982/982 1059/1059
f 982/982 957/957 1066/1066
f 982/982 979/979 1056/1056
f 1067/1067 982/982 1066/1066
f 982/982 1067/1067 980/980
f 946/946 1067/1067 1066/1066
f 1067/1067 946/946 980/980
f 1056/1056 1034/1034 1054/1054
f 1034/1034 1056/1056 979/979
f 968/968 1068/1068 961/961
f 1068/1068 968/968 969/969
f 969/969 1065/1065 1068/1068
f 1065/1065 969/969 1069/1069
f 1070/1070 1068/1068 1065/1065
f 1068/1068 1070/1070 961/961
f 1061/1061 955/955 1062/1062
f 1062/1062 965/965 964/964
f 1063/1063 1065/1065 1069/1069
f 969/969 970/970 1069/1069
f 970/970 1063/1063 1069/1069
f 1063/1063 970/970 967/967
f 1060/1060 1061/1061 1071/1071
f 1063/1063 967/967 1071/1071
f 1060/1060 967/967 962/962
f 967/967 1060/1060 1071/1071
f 948/948 950/950 1072/1072
f 962/962 1072/1072 950/950
f 1072/1072 962/962 963/963
f 1073/1073 1074/1074 978/978
f 1074/1074 1073/1073 963/963
f 945/945 942/942 988/988
f 1073/1073 1072/1072 963/963
f 1072/1072 1073/1073 948/948
f 956/956 978/978 1074/1074
f 978/978 943/943 1073/1073
f 943/943 978/978 944/944
f 951/951 945/945 976/976
f 945/945 951/951 943/943
f 948/948 1073/1073 943/943
f 1070/1070 1064/1064 959/959
f 1064/1064 1070/1070 1065/1065
f 1022/1022 1019/1019 1020/1020
f 1014/1014 1005/1005 1018/1018
f 1013/1013 1005/1005 1016/1016
f 1005/1005 1013/1013 1018/1018
f 1016/1016 1005/1005 1002/1002
f 1009/1009 1075/1075 1007/1007
f 1075/1075 1009/1009 1076/1076
f 1016/1016 1011/1011 1013/1013
f 1015/1015 1076/1076 1077/1077
f 1076/1076 1015/1015 1016/1016
f 1015/1015 1077/1077 1022/1022
f 1046/1046 1027/1027 1078/1078
f 1046/1046 1045/1045 1049/1049
f 996/996 993/993 998/998
f 998/998 1079/1079 996/996
f 1079/1079 998/998 1078/1078
f 994/994 1075/1075 1002/1002
f 1075/1075 994/994 996/996
f 996/996 1079/1079 1007/1007
f 1027/1027 1079/1079 1078/1078
f 1079/1079 1027/1027 1008/1008
f 996/996 1007/1007 1075/1075
f 1077/1077 1076/1076 1009/1009
f 1007/1007 1079/1079 1008/1008
f 1077/1077 1006/1006 1021/1021
f 1006/1006 1077/1077 1009/1009
f 1020/1020 1012/1012 1017/1017
f 1022/1022 1017/1017 1015/1015
f 1017/1017 1022/1022 1020/1020
f 1033/1033 1041/1041 1035/1035
f 1041/1041 1033/1033 1052/1052
f 1030/1030 1040/1040 1041/1041
f 1040/1040 1030/1030 1039/1039
f 940/940 937/937 936/936
f 937/937 940/940 934/934
f 932/932 934/934 940/940
f 941/941 938/938 935/935
f 941/941 935/935 1038/1038
f 946/946 981/981 980/980
f 1052/1052 981/981 1029/1029
f 981/981 1052/1052 1033/1033
f 944/944 1026/1026 942/942
f 977/977 956/956 1024/1024
f 1024/1024 956/956 1058/1058
f 953/953 955/955 974/974
f 953/953 949/949 973/973
f 957/957 946/946 1066/1066
f 959/959 1064/1064 964/964
f 959/959 961/961 1070/1070
f 963/963 956/956 1074/1074
f 964/964 1064/1064 1062/1062
f 966/966 967/967 970/970
f 962/962 974/974 1060/1060
f 974/974 962/962 950/950
f 943/943 951/951 948/948
f 1026/1026 986/986 983/983
f 1026/1026 983/983 992/992
f 989/989 985/985 990/990
f 997/997 1078/1078 998/998
f 1078/1078 997/997 1046/1046
f 990/990 985/985 1045/1045
f 993/993 1000/1000 999/999
f 1027/1027 1006/1006 1008/1008
f 1017/1017 1012/1012 1011/1011
f 1023/1023 1055/1055 1050/1050
f 1031/1031 1032/1032 1048/1048
f 1033/1033 1035/1035 1034/1034
f 1036/1036 1031/1031 1051/1051
f 1028/1028 1039/1039 1030/1030
f 937/937 1042/1042 1044/1044
f 1042/1042 1043/1043 1044/1044
f 982/982 1057/1057 1059/1059
f 1057/1057 982/982 1056/1056
f 1062/1062 1064/1064 1061/1061
f 1071/1071 1061/1061 1063/1063
f 1021/1021 1022/1022 1077/1077
f 1016/1016 1002/1002 1076/1076
f 1076/1076 1002/1002 1075/1075
f 1080/1080 1081/1081 1082/1082
f 1081/1081 1080/1080 1083/1083
f 1084/1084 1085/1085 1086/1086
f 1087/1087 1088/1088 1089/1089
f 1088/1088 1087/1087 1090/1090
f 1091/1091 1084/1084 1092/1092
f 1093/1093 1091/1091 1094/1094
f 1095/1095 1087/1087 1096/1096
f 1087/1087 1095/1095 1097/1097
f 1098/1098 1093/1093 1099/1099
f 1100/1100 1101/1101 1102/1102
f 1101/1101 1100/1100 1103/1103
f 1104/1104 1098/1098 1105/1105
f 1106/1106 1107/1107 1108/1108
f 1107/1107 1106/1106 1109/1109
f 1108/1108 1104/1104 1110/1110
f 1111/1111 1112/1112 1080/1080
f 1112/1112 1111/1111 1113/1113
f 1114/1114 1115/1115 1116/1116
f 1115/1115 1114/1114 1117/1117
f 1118/1118 1107/1107 1109/1109
f 1119/1119 1118/1118 1120/1120
f 1121/1121 1119/1119 1122/1122
f 1123/1123 1116/1116 1115/1115
f 1116/1116 1123/1123 1124/1124
f 1125/1125 1121/1121 1126/1126
f 1127/1127 1102/1102 1128/1128
f 1102/1102 1127/1127 1129/1129
f 1130/1130 1125/1125 1131/1131
f 1132/1132 1133/1133 1134/1134
f 1133/1133 1132/1132 1135/1135
f 1136/1136 1130/1130 1137/1137
f 1138/1138 1139/1139 1140/1140
f 1139/1139 1138/1138 1141/1141
f 1095/1095 1136/1136 1142/1142
f 1143/1143 1144/1144 1141/1141
f 1144/1144 1143/1143 1097/1097
f 1145/1145 1095/1095 1096/1096
f 1146/1146 1147/1147 1148/1148
f 1147/1147 1146/1146 1149/1149
f 1150/1150 1151/1151 1085/1085
f 1151/1151 1150/1150 1152/1152
f 1153/1153 1145/1145 1089/1089
f 1084/1084 1149/1149 1092/1092
f 1149/1149 1084/1084 1086/1086
f 1152/1152 1154/1154 1151/1151
f 1154/1154 1152/1152 1155/1155
f 1156/1156 1157/1157 1158/1158
f 1156/1156 1158/1158 1159/1159
f 1150/1150 1156/1156 1159/1159
f 1117/1117 1160/1160 1115/1115
f 1160/1160 1117/1117 1161/1161
f 1113/1113 1117/1117 1121/1121
f 1117/1117 1113/1113 1161/1161
f 1119/1119 1120/1120 1162/1162
f 1163/1163 1164/1164 1161/1161
f 1164/1164 1163/1163 1165/1165
f 1163/1163 1161/1161 1111/1111
f 1110/1110 1082/1082 1108/1108
f 1082/1082 1110/1110 1166/1166
f 1123/1123 1165/1165 1104/1104
f 1165/1165 1123/1123 1164/1164
f 1161/1161 1164/1164 1160/1160
f 1163/1163 1166/1166 1110/1110
f 1166/1166 1163/1163 1111/1111
f 1080/1080 1082/1082 1166/1166
f 1162/1162 1167/1167 1083/1083
f 1167/1167 1162/1162 1120/1120
f 1082/1082 1081/1081 1106/1106
f 1083/1083 1168/1168 1162/1162
f 1168/1168 1083/1083 1122/1122
f 1113/1113 1111/1111 1161/1161
f 1122/1122 1113/1113 1121/1121
f 1113/1113 1122/1122 1112/1112
f 1083/1083 1167/1167 1081/1081
f 1122/1122 1083/1083 1112/1112
f 1119/1119 1162/1162 1168/1168
f 1169/1169 1148/1148 1147/1147
f 1148/1148 1169/1169 1170/1170
f 1149/1149 1086/1086 1171/1171
f 1172/1172 1173/1173 1174/1174
f 1173/1173 1172/1172 1086/1086
f 1172/1172 1171/1171 1086/1086
f 1171/1171 1172/1172 1147/1147
f 1151/1151 1173/1173 1085/1085
f 1173/1173 1151/1151 1174/1174
f 1175/1175 1176/1176 1177/1177
f 1176/1176 1175/1175 1178/1178
f 1147/1147 1172/1172 1169/1169
f 1178/1178 1172/1172 1174/1174
f 1172/1172 1178/1178 1169/1169
f 1170/1170 1175/1175 1153/1153
f 1175/1175 1170/1170 1169/1169
f 1147/1147 1149/1149 1171/1171
f 1179/1179 1146/1146 1148/1148
f 1146/1146 1179/1179 1180/1180
f 1180/1180 1091/1091 1092/1092
f 1091/1091 1180/1180 1181/1181
f 1180/1180 1179/1179 1182/1182
f 1183/1183 1181/1181 1182/1182
f 1181/1181 1183/1183 1094/1094
f 1181/1181 1180/1180 1182/1182
f 1179/1179 1183/1183 1182/1182
f 1183/1183 1179/1179 1184/1184
f 1089/1089 1170/1170 1153/1153
f 1170/1170 1089/1089 1184/1184
f 1089/1089 1088/1088 1184/1184
f 1185/1185 1183/1183 1088/1088
f 1183/1183 1185/1185 1094/1094
f 1088/1088 1183/1183 1184/1184
f 1093/1093 1185/1185 1140/1140
f 1185/1185 1093/1093 1094/1094
f 1186/1186 1187/1187 1188/1188
f 1187/1187 1186/1186 1099/1099
f 1189/1189 1137/1137 1190/1190
f 1137/1137 1189/1189 1136/1136
f 1099/1099 1135/1135 1098/1098
f 1135/1135 1099/1099 1133/1133
f 1139/1139 1187/1187 1093/1093
f 1187/1187 1139/1139 1188/1188
f 1142/1142 1191/1191 1144/1144
f 1191/1191 1142/1142 1136/1136
f 1186/1186 1133/1133 1099/1099
f 1133/1133 1186/1186 1134/1134
f 1192/1192 1186/1186 1188/1188
f 1186/1186 1192/1192 1193/1193
f 1189/1189 1191/1191 1136/1136
f 1191/1191 1189/1189 1193/1193
f 1134/1134 1186/1186 1193/1193
f 1135/1135 1132/1132 1194/1194
f 1195/1195 1137/1137 1131/1131
f 1137/1137 1195/1195 1190/1190
f 1135/1135 1129/1129 1098/1098
f 1129/1129 1135/1135 1194/1194
f 1132/1132 1195/1195 1194/1194
f 1195/1195 1132/1132 1190/1190
f 1189/1189 1134/1134 1193/1193
f 1134/1134 1189/1189 1190/1190
f 1195/1195 1196/1196 1194/1194
f 1196/1196 1195/1195 1197/1197
f 1131/1131 1137/1137 1130/1130
f 1100/1100 1131/1131 1125/1125
f 1131/1131 1100/1100 1197/1197
f 1128/1128 1198/1198 1127/1127
f 1198/1198 1128/1128 1105/1105
f 1199/1199 1126/1126 1200/1200
f 1126/1126 1199/1199 1201/1201
f 1105/1105 1124/1124 1104/1104
f 1124/1124 1105/1105 1202/1202
f 1129/1129 1194/1194 1196/1196
f 1105/1105 1128/1128 1202/1202
f 1129/1129 1198/1198 1098/1098
f 1198/1198 1129/1129 1127/1127
f 1128/1128 1102/1102 1101/1101
f 1103/1103 1100/1100 1125/1125
f 1101/1101 1203/1203 1128/1128
f 1203/1203 1101/1101 1103/1103
f 1109/1109 1167/1167 1120/1120
f 1167/1167 1109/1109 1106/1106
f 1118/1118 1109/1109 1120/1120
f 1117/1117 1200/1200 1121/1121
f 1200/1200 1117/1117 1114/1114
f 1202/1202 1204/1204 1124/1124
f 1204/1204 1202/1202 1203/1203
f 1116/1116 1199/1199 1114/1114
f 1199/1199 1116/1116 1204/1204
f 1124/1124 1123/1123 1104/1104
f 1124/1124 1204/1204 1116/1116
f 1199/1199 1200/1200 1114/1114
f 1203/1203 1103/1103 1201/1201
f 1126/1126 1103/1103 1125/1125
f 1103/1103 1126/1126 1201/1201
f 1142/1142 1097/1097 1095/1095
f 1097/1097 1142/1142 1144/1144
f 1144/1144 1192/1192 1141/1141
f 1192/1192 1144/1144 1191/1191
f 1192/1192 1191/1191 1193/1193
f 1143/1143 1141/1141 1138/1138
f 1140/1140 1139/1139 1093/1093
f 1138/1138 1140/1140 1090/1090
f 1090/1090 1143/1143 1138/1138
f 1143/1143 1090/1090 1087/1087
f 1089/1089 1145/1145 1096/1096
f 1177/1177 1158/1158 1157/1157
f 1158/1158 1177/1177 1176/1176
f 1169/1169 1178/1178 1175/1175
f 1176/1176 1178/1178 1154/1154
f 1155/1155 1176/1176 1154/1154
f 1176/1176 1155/1155 1158/1158
f 1152/1152 1150/1150 1159/1159
f 1152/1152 1159/1159 1155/1155
f 1155/1155 1159/1159 1158/1158
f 1112/1112 1083/1083 1080/1080
f 1080/1080 1166/1166 1111/1111
f 1086/1086 1085/1085 1173/1173
f 1185/1185 1090/1090 1140/1140
f 1090/1090 1185/1185 1088/1088
f 1146/1146 1092/1092 1149/1149
f 1092/1092 1146/1146 1180/1180
f 1094/1094 1091/1091 1181/1181
f 1170/1170 1184/1184 1148/1148
f 1148/1148 1184/1184 1179/1179
f 1099/1099 1093/1093 1187/1187
f 1134/1134 1190/1190 1132/1132
f 1105/1105 1098/1098 1198/1198
f 1106/1106 1108/1108 1082/1082
f 1106/1106 1081/1081 1167/1167
f 1110/1110 1104/1104 1165/1165
f 1122/1122 1119/1119 1168/1168
f 1123/1123 1115/1115 1160/1160
f 1164/1164 1123/1123 1160/1160
f 1126/1126 1121/1121 1200/1200
f 1196/1196 1197/1197 1100/1100
f 1102/1102 1129/1129 1196/1196
f 1102/1102 1196/1196 1100/1100
f 1195/1195 1131/1131 1197/1197
f 1188/1188 1141/1141 1192/1192
f 1141/1141 1188/1188 1139/1139
f 1087/1087 1097/1097 1143/1143
f 1177/1177 1153/1153 1175/1175
f 1174/1174 1151/1151 1154/1154
f 1087/1087 1089/1089 1096/1096
f 1174/1174 1154/1154 1178/1178
f 1110/1110 1165/1165 1163/1163
f 1202/1202 1128/1128 1203/1203
f 1203/1203 1201/1201 1204/1204
f 1204/1204 1201/1201 1199/1199
f 1205/1205 1206/1206 1207/1207
f 1206/1206 1205/1205 1208/1208
f 1209/1209 1210/1210 1211/1211
f 1212/1212 1209/1209 1213/1213
f 1214/1214 1215/1215 1216/1216
f 1215/1215 1214/1214 1217/1217
f 1218/1218 1212/1212 1219/1219
f 1220/1220 1221/1221 1222/1222
f 1221/1221 1220/1220 1216/1216
f 1223/1223 1218/1218 1224/1224
f 1225/1225 1226/1226 1227/1227
f 1226/1226 1225/1225 1228/1228
f 1229/1229 1223/1223 1230/1230
f 1231/1231 1226/1226 1232/1232
f 1226/1226 1231/1231 1227/1227
f 1233/1233 1229/1229 1234/1234
f 1235/1235 1236/1236 1237/1237
f 1236/1236 1235/1235 1238/1238
f 1239/1239 1233/1233 1240/1240
f 1241/1241 1239/1239 1242/1242
f 1237/1237 1241/1241 1235/1235
f 1217/1217 1237/1237 1236/1236
f 1243/1243 1244/1244 1245/1245
f 1244/1244 1243/1243 1246/1246
f 1247/1247 1248/1248 1249/1249
f 1248/1248 1247/1247 1250/1250
f 1251/1251 1252/1252 1253/1253
f 1254/1254 1214/1214 1216/1216
f 1221/1221 1238/1238 1255/1255
f 1238/1238 1221/1221 1256/1256
f 1251/1251 1253/1253 1257/1257
f 1252/1252 1254/1254 1220/1220
f 1232/1232 1226/1226 1240/1240
f 1258/1258 1259/1259 1260/1260
f 1259/1259 1258/1258 1261/1261
f 1262/1262 1257/1257 1260/1260
f 1257/1257 1262/1262 1251/1251
f 1263/1263 1264/1264 1247/1247
f 1264/1264 1263/1263 1259/1259
f 1265/1265 1262/1262 1266/1266
f 1267/1267 1218/1218 1268/1268
f 1218/1218 1267/1267 1269/1269
f 1270/1270 1265/1265 1249/1249
f 1271/1271 1272/1272 1246/1246
f 1272/1272 1271/1271 1273/1273
f 1246/1246 1274/1274 1244/1244
f 1274/1274 1246/1246 1272/1272
f 1275/1275 1276/1276 1245/1245
f 1277/1277 1278/1278 1279/1279
f 1278/1278 1277/1277 1273/1273
f 1274/1274 1275/1275 1244/1244
f 1280/1280 1281/1281 1282/1282
f 1283/1283 1277/1277 1284/1284
f 1285/1285 1286/1286 1270/1270
f 1286/1286 1285/1285 1279/1279
f 1287/1287 1288/1288 1289/1289
f 1288/1288 1287/1287 1284/1284
f 1290/1290 1289/1289 1267/1267
f 1289/1289 1290/1290 1291/1291
f 1292/1292 1293/1293 1208/1208
f 1293/1293 1292/1292 1282/1282
f 1294/1294 1295/1295 1296/1296
f 1295/1295 1294/1294 1292/1292
f 1281/1281 1283/1283 1297/1297
f 1298/1298 1295/1295 1292/1292
f 1295/1295 1298/1298 1299/1299
f 1300/1300 1301/1301 1302/1302
f 1301/1301 1300/1300 1303/1303
f 1304/1304 1305/1305 1306/1306
f 1305/1305 1304/1304 1307/1307
f 1308/1308 1280/1280 1294/1294
f 1302/1302 1301/1301 1211/1211
f 1309/1309 1308/1308 1310/1310
f 1311/1311 1312/1312 1313/1313
f 1312/1312 1311/1311 1314/1314
f 1314/1314 1309/1309 1315/1315
f 1307/1307 1316/1316 1317/1317
f 1316/1316 1307/1307 1304/1304
f 1317/1317 1311/1311 1318/1318
f 1310/1310 1308/1308 1319/1319
f 1210/1210 1316/1316 1320/1320
f 1292/1292 1208/1208 1298/1298
f 1292/1292 1294/1294 1282/1282
f 1293/1293 1282/1282 1281/1281
f 1294/1294 1319/1319 1308/1308
f 1319/1319 1294/1294 1296/1296
f 1294/1294 1280/1280 1282/1282
f 1321/1321 1211/1211 1301/1301
f 1211/1211 1321/1321 1209/1209
f 1295/1295 1322/1322 1296/1296
f 1322/1322 1295/1295 1299/1299
f 1212/1212 1299/1299 1298/1298
f 1299/1299 1212/1212 1213/1213
f 1322/1322 1323/1323 1324/1324
f 1323/1323 1322/1322 1213/1213
f 1322/1322 1303/1303 1296/1296
f 1303/1303 1322/1322 1324/1324
f 1322/1322 1299/1299 1213/1213
f 1321/1321 1323/1323 1209/1209
f 1323/1323 1321/1321 1324/1324
f 1325/1325 1296/1296 1300/1300
f 1296/1296 1325/1325 1319/1319
f 1321/1321 1303/1303 1324/1324
f 1303/1303 1321/1321 1301/1301
f 1222/1222 1326/1326 1228/1228
f 1326/1326 1222/1222 1221/1221
f 1220/1220 1225/1225 1252/1252
f 1225/1225 1220/1220 1222/1222
f 1216/1216 1220/1220 1254/1254
f 1215/1215 1238/1238 1256/1256
f 1238/1238 1215/1215 1236/1236
f 1221/1221 1216/1216 1256/1256
f 1216/1216 1215/1215 1256/1256
f 1207/1207 1287/1287 1291/1291
f 1287/1287 1207/1207 1284/1284
f 1267/1267 1268/1268 1290/1290
f 1268/1268 1291/1291 1290/1290
f 1291/1291 1268/1268 1219/1219
f 1284/1284 1207/1207 1206/1206
f 1327/1327 1291/1291 1219/1219
f 1291/1291 1327/1327 1207/1207
f 1212/1212 1327/1327 1219/1219
f 1327/1327 1212/1212 1205/1205
f 1289/1289 1291/1291 1287/1287
f 1284/1284 1297/1297 1283/1283
f 1297/1297 1284/1284 1206/1206
f 1288/1288 1284/1284 1277/1277
f 1242/1242 1326/1326 1255/1255
f 1326/1326 1242/1242 1239/1239
f 1247/1247 1249/1249 1263/1263
f 1223/1223 1328/1328 1264/1264
f 1328/1328 1223/1223 1224/1224
f 1250/1250 1329/1329 1330/1330
f 1329/1329 1250/1250 1224/1224
f 1331/1331 1332/1332 1269/1269
f 1332/1332 1331/1331 1333/1333
f 1250/1250 1328/1328 1224/1224
f 1328/1328 1250/1250 1247/1247
f 1269/1269 1329/1329 1218/1218
f 1329/1329 1269/1269 1330/1330
f 1266/1266 1249/1249 1265/1265
f 1249/1249 1266/1266 1263/1263
f 1332/1332 1250/1250 1330/1330
f 1250/1250 1332/1332 1248/1248
f 1249/1249 1333/1333 1270/1270
f 1333/1333 1249/1249 1248/1248
f 1233/1233 1234/1234 1232/1232
f 1334/1334 1231/1231 1335/1335
f 1231/1231 1334/1334 1227/1227
f 1232/1232 1234/1234 1336/1336
f 1231/1231 1232/1232 1336/1336
f 1225/1225 1227/1227 1252/1252
f 1239/1239 1226/1226 1228/1228
f 1226/1226 1239/1239 1240/1240
f 1337/1337 1338/1338 1339/1339
f 1338/1338 1337/1337 1230/1230
f 1336/1336 1340/1340 1335/1335
f 1340/1340 1336/1336 1234/1234
f 1230/1230 1234/1234 1229/1229
f 1234/1234 1230/1230 1340/1340
f 1341/1341 1334/1334 1337/1337
f 1334/1334 1341/1341 1253/1253
f 1337/1337 1335/1335 1340/1340
f 1335/1335 1337/1337 1334/1334
f 1261/1261 1338/1338 1223/1223
f 1338/1338 1261/1261 1339/1339
f 1341/1341 1337/1337 1339/1339
f 1227/1227 1253/1253 1252/1252
f 1253/1253 1227/1227 1334/1334
f 1337/1337 1340/1340 1230/1230
f 1238/1238 1242/1242 1255/1255
f 1242/1242 1238/1238 1235/1235
f 1241/1241 1242/1242 1235/1235
f 1262/1262 1263/1263 1266/1266
f 1263/1263 1262/1262 1260/1260
f 1247/1247 1264/1264 1328/1328
f 1258/1258 1260/1260 1257/1257
f 1258/1258 1341/1341 1261/1261
f 1341/1341 1258/1258 1253/1253
f 1342/1342 1343/1343 1278/1278
f 1343/1343 1342/1342 1243/1243
f 1270/1270 1286/1286 1344/1344
f 1342/1342 1278/1278 1271/1271
f 1244/1244 1275/1275 1245/1245
f 1343/1343 1245/1245 1276/1276
f 1245/1245 1343/1343 1243/1243
f 1331/1331 1288/1288 1279/1279
f 1288/1288 1331/1331 1289/1289
f 1270/1270 1333/1333 1285/1285
f 1332/1332 1330/1330 1269/1269
f 1278/1278 1343/1343 1286/1286
f 1342/1342 1271/1271 1246/1246
f 1246/1246 1243/1243 1342/1342
f 1281/1281 1297/1297 1206/1206
f 1205/1205 1207/1207 1327/1327
f 1281/1281 1206/1206 1293/1293
f 1345/1345 1346/1346 1347/1347
f 1346/1346 1345/1345 1310/1310
f 1310/1310 1319/1319 1346/1346
f 1300/1300 1296/1296 1303/1303
f 1348/1348 1347/1347 1302/1302
f 1347/1347 1348/1348 1320/1320
f 1325/1325 1347/1347 1346/1346
f 1347/1347 1325/1325 1302/1302
f 1348/1348 1211/1211 1210/1210
f 1211/1211 1348/1348 1302/1302
f 1316/1316 1349/1349 1320/1320
f 1349/1349 1316/1316 1304/1304
f 1345/1345 1347/1347 1349/1349
f 1349/1349 1347/1347 1320/1320
f 1318/1318 1311/1311 1313/1313
f 1307/1307 1317/1317 1318/1318
f 1312/1312 1315/1315 1306/1306
f 1315/1315 1312/1312 1314/1314
f 1318/1318 1313/1313 1305/1305
f 1304/1304 1345/1345 1349/1349
f 1345/1345 1304/1304 1306/1306
f 1306/1306 1305/1305 1312/1312
f 1212/1212 1298/1298 1208/1208
f 1213/1213 1209/1209 1323/1323
f 1218/1218 1219/1219 1268/1268
f 1217/1217 1236/1236 1215/1215
f 1224/1224 1218/1218 1329/1329
f 1240/1240 1233/1233 1232/1232
f 1230/1230 1223/1223 1338/1338
f 1231/1231 1336/1336 1335/1335
f 1326/1326 1221/1221 1255/1255
f 1339/1339 1261/1261 1341/1341
f 1261/1261 1223/1223 1259/1259
f 1259/1259 1263/1263 1260/1260
f 1259/1259 1223/1223 1264/1264
f 1276/1276 1344/1344 1343/1343
f 1344/1344 1286/1286 1343/1343
f 1331/1331 1269/1269 1267/1267
f 1331/1331 1267/1267 1289/1289
f 1222/1222 1228/1228 1225/1225
f 1239/1239 1228/1228 1326/1326
f 1253/1253 1258/1258 1257/1257
f 1277/1277 1279/1279 1288/1288
f 1286/1286 1279/1279 1278/1278
f 1331/1331 1279/1279 1285/1285
f 1331/1331 1285/1285 1333/1333
f 1278/1278 1273/1273 1271/1271
f 1206/1206 1208/1208 1293/1293
f 1212/1212 1208/1208 1205/1205
f 1302/1302 1325/1325 1300/1300
f 1318/1318 1305/1305 1307/1307
f 1306/1306 1315/1315 1345/1345
f 1315/1315 1309/1309 1310/1310
f 1345/1345 1315/1315 1310/1310
f 1210/1210 1320/1320 1348/1348
f 1346/1346 1319/1319 1325/1325
f 1333/1333 1248/1248 1332/1332
f 1313/1313 1312/1312 1305/1305
